No.;FAM;ROD;DRUH;LOKALITA;STATE/PROV;ZEME;CMP;cmp_abcd;DEN_POC;MES_POC;ROK_POC;DEN_KON;MES_KON;ROK_KON;POCET_M;POCET_F;BIOTOP;METRU_OD;METRU_DO;METODA_SB;LEG;COLL;DET;ROK;REV;ROK;ZDROJ;POZN.;N/S;E/W;GPS;lat;long
10311;Silphidae;Nicrophorus;germanicus;Toros Daglari Mts., Ermenek;;Turkey;;;7;6;1987;;;;1;;;;1250;;Hillman & Moberg;S. Lundberg;J. Rùièka;1994;;;Sil4;;36.633°N;32.883°E;1;36.633;32.883
16141;Silphidae;Nicrophorus;antennatus;Ašchabad [Aºgabat]-Annau;;Turkmenistan;;;23;4;1979;;;;;1;;;;;A. Olexa;A. Olexa;J. Rùièka;1993;;;Sil9;;37.902°N; 58.504°E;1;37.902;58.504
22110;Silphidae;Nicrophorus;antennatus;Narince env., Nemrut Dagi;;Turkey;;;2;6;1995;8;6;1995;;1;;;;;J. Mièka;Severoèeské muzeum (Liberec);J. Rùièka;2014;;;PC;;37.912°N;38.807°E;1;37.912;38.807
16118;Silphidae;Nicrophorus;antennatus;Ašchabad [Aºgabat];;Turkmenistan;;;16;6;1992;;;;1;;;;;;M. Sníek;M. Sníek;J. Rùièka;1993;;;Sil9;;37.942°N;58.403°E;1;37.942;58.403
19626;Silphidae;Nicrophorus;antennatus;Tadzhikabad;;Tajikistan;;;20;6;1987;;;;2;;;2400;;;V. Dolin;Mus. Basel;J. Rùièka;2010;;;PC;ca. 39°07?N 070°51?E;39.118°N;70.849°E;1;39.118;70.849
19627;Silphidae;Nicrophorus;antennatus;Tadzhikabad;;Tajikistan;;;20;6;1987;;;;1;;;2400;;;V. Dolin;J. Rùièka;J. Rùièka;2010;;;PC;ca. 39°07?N 070°51?E;39.118°N;70.849°E;1;39.118;70.849
9987;Silphidae;Nicrophorus;germanicus;Aragats Mt. (Alagoes Mt.);;Armenia;;;1;7;1978;31;7;1978;1;1;;2900;;;R. Rous;R. Rous;J. Rùièka;1988;;;Sil3;;40.533°N;44.200°E;1;40.533;44.2
9993;Silphidae;Nicrophorus;germanicus;Macedonia-Belasica planina;;Bulgaria;;;1;7;not given;31;7;;;1;;;;;Maøan & Táborskı;R. Rous;J. Rùièka;1988;;;Sil3;"sub ""N. morio""";41.33°N;22.95°E;1;41.33;22.95
10009;Silphidae;Nicrophorus;sepultor;Zagreb;;Croatia;;;;;-;;;;;1;;;;;Hochetlinger;R. Rous;J. Rùièka;1988;;;Sil3;;45.813°N;15.977°E;1;45.813;15.977
16119;Silphidae;Nicrophorus;antennatus;Fünfkirchen [Pécs];;Hungary;;;;;-;;;;1;;;;;;-;coll. A. Keil in Jihoèeské muzeum v Èeskıch Budìjovicích;J. Rùièka;1995;;;Sil9;;46.076°N;18.229°E;1;46.076;18.229
16129;Silphidae;Nicrophorus;antennatus;Komárno;;Slovakia;;;;;-;;;;;2;cadaver Vulpes vulpes;;;;Roubal;coll. J. Roubal in Slovenské národné múzeum, Bratislava;J. Rùièka;1992;;;Sil9;;47.763°N;18.129°E;1;47.763;18.129
10280;Silphidae;Nicrophorus;germanicus;Komárno;;Slovakia;;;;;-;;;;1;1;cadaver Vulpes vulpes;;;;Roubal;coll. J. Roubal in Slovenské národné múzeum, Bratislava;J. Rùièka;1992;;;Sil4;;47.765°N;18.117°E;1;47.765;18.117
16143;Silphidae;Nicrophorus;antennatus;Štúrovo;;Slovakia;;;12;7;1950;;;;;1;;;;;J. Palásek;Moravské zemské muzeum Brno;J. Rùièka;1993;;;Sil9;;47.795°N;18.714°E;1;47.795;18.714
10307;Silphidae;Nicrophorus;germanicus;Štúrovo;;Slovakia;;;1;6;1952;30;6;1952;1;2;Quercetum;;;;Brejcha;Moravské zemské muzeum Brno;J. Rùièka;1993;;;Sil4;;47.795°N;18.714°E;1;47.795;18.714
10309;Silphidae;Nicrophorus;germanicus;Štúrovo;;Slovakia;;;1;5;1952;31;5;1952;1;;Quercetum;;;;Brejcha;Moravské zemské muzeum Brno;J. Rùièka;1993;;;Sil4;;47.795°N;18.714°E;1;47.795;18.714
10315;Silphidae;Nicrophorus;germanicus;Štúrovo;;Slovakia;;;1;5;1950;31;5;1950;;1;;;;;Heyrovskı;coll. A. Keil in Jihoèeské muzeum v Èeskıch Budìjovicích;J. Rùièka;1995;;;Sil4;;47.795°N;18.714°E;1;47.795;18.714
10317;Silphidae;Nicrophorus;germanicus;Štúrovo;;Slovakia;;;12;5;1951;;;;;1;;;;;A. Keil;coll. A. Keil in Jihoèeské muzeum v Èeskıch Budìjovicích;J. Rùièka;1995;;;Sil4;;47.795°N;18.714°E;1;47.795;18.714
12400;Silphidae;Nicrophorus;germanicus;Štúrovo env.;;Slovakia;;;18;6;1968;;;;1;;;;;;J. Strejèek;Nomura, Japan;J. Rùièka;1995;;;Sil7;;47.795°N;18.714°E;1;47.795;18.714
12413;Silphidae;Nicrophorus;germanicus;Štúrovo;;Slovakia;8178;;25;5;2003;;;;;2;;;;;V. Vyhnálek;V. Vyhnálek;J. Rùièka;2004;;;Sil7;;47.795°N;18.714°E;1;47.795;18.714
19884;Silphidae;Nicrophorus;germanicus;Štúrovo;;Slovakia;;;8;7;2006;12;7;2006;;1;;;;;I. Martinù;J. Cooter;J. Rùièka;2011;;;PC;;47.795°N;18.714°E;1;47.795;18.714
22885;Silphidae;Nicrophorus;germanicus;Štúrovo;;Slovakia;;;17;6;1977;;;;1;;;;;;R. Fornùsek;D. Sommer (Sušice);J. Rùièka;2015;;;PC;;47.795°N;18.714°E;1;47.795;18.714
12368;Silphidae;Nicrophorus;germanicus;Kováèov;;Slovakia;;;10;5;1952;;;;;1;;;;;K. Poláèek;Muzeum vıchodních Èech v Hradci Králové;J. Rùièka;1992;;;Sil7;;47.826°N;18.800°E;1;47.826;18.8
10293;Silphidae;Nicrophorus;germanicus;itnı ostrov-EPCOJES;;Slovakia;;;19;6;1949;;;;;2;;;;;Drexler;Slovenské národné múzeum, Bratislava;J. Rùièka;1993;;;Sil4;;47.98°N;17.59°E;1;47.98;17.59
16139;Silphidae;Nicrophorus;antennatus;Szimö [Zemné];;Slovakia;;;15;6;1949;;;;3;10;;;;;B. Drexler;Slovenské národné múzeum, Bratislava;J. Rùièka;1993;;;Sil9;;47.985°N; 17.996°E;1;47.985;17.996
16138;Silphidae;Nicrophorus;antennatus;Neutra Comitat [Nitrianska upa]-Negyed [Neded];;Slovakia;;;;;-;;;;;1;;;;;B. Drexler;Slovenské národné múzeum, Bratislava;J. Rùièka;1993;;;Sil9;;48.020°N; 17.970°E;1;48.02;17.97
10292;Silphidae;Nicrophorus;germanicus;Šurany;;Slovakia;;;26;5;1953;;;;;1;;;;;-;coll. J. Roubal in Slovenské národné múzeum, Bratislava;J. Rùièka;1992;;;Sil4;;48.089°N;18.182°E;1;48.089;18.182
12417;Silphidae;Nicrophorus;germanicus;Tvrdošovce;;Slovakia;7974;;4;5;2003;;;;1;;;;;;K. Resl;K. Resl;J. Rùièka;2005;;;Sil7;;48.095°N;18.064°E;1;48.095;18.064
16133;Silphidae;Nicrophorus;antennatus;Pered [Tešedíkovo];;Slovakia;;;24;5;1948;;;;;1;;;;;Drexler;Slovenské národné múzeum, Bratislava;J. Rùièka;1993;;;Sil9;;48.106°N;17.846°E;1;48.106;17.846
16134;Silphidae;Nicrophorus;antennatus;Pered [Tešedíkovo];;Slovakia;;;;;-;;;;4;2;;;;;-;Slovenské národné múzeum, Bratislava;J. Rùièka;1993;;;Sil9;;48.106°N;17.846°E;1;48.106;17.846
16140;Silphidae;Nicrophorus;antennatus;Vágsellye Umg. [Ša¾a env.];;Slovakia;;;;;-;;;;;1;;;;;B. Drexler;Slovenské národné múzeum, Bratislava;J. Rùièka;1993;;;Sil9;;48.151°N;17.876°E;1;48.151;17.876
16081;Silphidae;Nicrophorus;sepultor;Pressburger B. Comitate [Pøešpurská B. upa]-Vaqsellyger [?Vágsellye=Ša¾a] env.;;Slovakia;;;;;-;;;;;1;;;;;B. Drexler;coll. J. Laco in Slovenské národné múzeum, Bratislava;J. Rùièka;1993;;;Sil9;;48.151°N;17.876°E;1;48.151;17.876
16127;Silphidae;Nicrophorus;antennatus;Lok;;Slovakia;;;26;4;1936;;;;;2;;;;;Roubal;coll. J. Roubal in Slovenské národné múzeum, Bratislava;J. Rùièka;1992;;;Sil9;;48.181°N;18.455°E;1;48.181;18.455
12371;Silphidae;Nicrophorus;germanicus;Kais[er] Tierpark Wien [Tiergarten Schönbrunn];;Austria;;;;;-;;;;;1;;;;;-;Muzeum vıchodních Èech v Hradci Králové;J. Rùièka;1992;;;Sil7;;48.182°N;16.304°E;1;48.182;16.304
10294;Silphidae;Nicrophorus;germanicus;Podunají Region-Ivanka pri Dunaji;;Slovakia;;;;;-;;;;3;1;;;;;-;Slovenské národné múzeum, Bratislava;J. Rùièka;1993;;;Sil4;;48.188°N;17.256°E;1;48.188;17.256
10282;Silphidae;Nicrophorus;germanicus;Galanta;;Slovakia;;;22;4;1934;;;;2;1;;;;;Roubal;coll. J. Roubal in Slovenské národné múzeum, Bratislava;J. Rùièka;1992;;;Sil4;;48.191°N;17.731°E;1;48.191;17.731
12372;Silphidae;Nicrophorus;germanicus;Galanta;;Slovakia;;;;;-;;;;1;;;;;;Roubal;Muzeum vıchodních Èech v Hradci Králové;J. Rùièka;1992;;;Sil7;;48.191°N;17.731°E;1;48.191;17.731
10297;Silphidae;Nicrophorus;germanicus;Ve¾kı Diosek [Sládkovièovo] env.;;Slovakia;;;;;-;;;;;1;;;;;J. Laco;Slovenské národné múzeum, Bratislava;J. Rùièka;1993;;;Sil4;;48.203°N;17.641°E;1;48.203;17.641
16128;Silphidae;Nicrophorus;antennatus;Levice;;Slovakia;;;12;4;1926;;;;1;;;;;;Roubal;coll. J. Roubal in Slovenské národné múzeum, Bratislava;J. Rùièka;1992;;;Sil9;;48.215°N;18.593°E;1;48.215;18.593
12401;Silphidae;Nicrophorus;germanicus;Wien-Kagran;;Austria;;;1;1;1903;31;12;1903;;1;;;;;Kniz;Nomura, Japan;J. Rùièka;1995;;;Sil7;;48.249°N; 16.447°E;1;48.249;16.447
16077;Silphidae;Nicrophorus;sepultor;Umgeb[ung] [=env.,] Wien env., Bisamberg;;Austria;;;;;-;;;;;1;;;;;A. Pazourek;Slovenské národné múzeum, Bratislava;J. Rùièka;1993;;;Sil9;;48.333°N;16.363°E;1;48.333;16.363
10321;Silphidae;Nicrophorus;germanicus;Gänserndorf;Lower Austria;Austria;;;;;-;;;;;2;;;;;A. Wawerka;Ostravské muzeum;J. Rùièka;1996;;;Sil4;;48.340°N;16.718°E;1;48.34;16.718
12373;Silphidae;Nicrophorus;germanicus;Zlaté Moravce;;Slovakia;7676;;9;6;1921;;;;1;;;;;;Rùièka;coll. J. Volák in Muzeum vıchodních Èech v Hradci Králové;J. Rùièka;1992;;;Sil7;;48.383°N;18.393°E;1;48.383;18.393
16000;Silphidae;Nicrophorus;sepultor;Zlaté Moravce;;Slovakia;7676;;11;4;1919;;;;1;;;;;;A. Rùièka;coll. Volák in Muzeum vıchodních Èech v Hradci Králové;J. Rùièka;1992;;;Sil9;;48.384°N;18.394°E;1;48.384;18.394
10284;Silphidae;Nicrophorus;germanicus;Hlohovec;;Slovakia;;;1;5;1933;31;5;1933;1;;;;;;Roubal;coll. J. Roubal in Slovenské národné múzeum, Bratislava;J. Rùièka;1992;;;Sil4;;48.432°N;17.807°E;1;48.432;17.807
12807;Silphidae;Nicrophorus;sepultor;Rychnov nad Malší;Bohemia;Czech Republic;7352;;28;6;2006;;;;;1;;575;;;M. Šlachta;M. Šlachta;J. Rùièka;2007;;;PC;;48.669°N;14.484°E;1;48.669;14.484
12808;Silphidae;Nicrophorus;sepultor;Rychnov nad Malší;Bohemia;Czech Republic;7352;;28;8;2006;;;;;1;;575;;;M. Šlachta;M. Šlachta;J. Rùièka;2007;;;PC;;48.669°N;14.484°E;1;48.669;14.484
16122;Silphidae;Nicrophorus;antennatus;Jaroslavice;Moravia;Czech Republic;7263;c;1;4;2003;;;;;1;field hedgerows;;;;A. Reiter;Jihomoravské muzeum ve Znojmì;J. Rùièka;2003;;;Sil9;meze 1,5 km SW from the Village;48.744°N;16.207°E;1;48.744;16.207
12418;Silphidae;Nicrophorus;germanicus;Valtice-Úvaly;Moravia;Czech Republic;7266;;21;6;2003;27;7;2003;2;1;;;;;K. Resl;K. Resl;J. Rùièka;2005;;;Sil7;;48.744°N;16.702°E;1;48.744;16.702
10314;Silphidae;Nicrophorus;germanicus;Chvalkovice env., Jeèmeništì;Moravia;Czech Republic;;;9;4;1994;;;;;2;;;;;M. Škorpík;M. Škorpík;J. Rùièka;1995;;;Sil4;;48.748°N;16.131°E;1;48.748;16.131
21901;Silphidae;Nicrophorus;germanicus;Znojmo env., Jeèmeništì;Moravia;Czech Republic;7262;;21;7;2006;;;;;1;;;;light trap;J. Vávra;J. Vávra (Ostrava);J. Rùièka;2014;;;PC;;48.748°N;16.131°E;1;48.748;16.131
10296;Silphidae;Nicrophorus;germanicus;Myjava;;Slovakia;;;1;8;1937;31;8;1937;1;;;;;;coll. V. Depta;Slovenské národné múzeum, Bratislava;J. Rùièka;1993;;;Sil4;;48.752°N;17.566°E;1;48.752;17.566
12411;Silphidae;Nicrophorus;germanicus;Jaroslavice env.;Moravia;Czech Republic;7263;c;1;5;2003;31;5;2003;1 spec.;;;;;;D. Král;D.S. Sikes;J. Rùièka;2003;;;Sil7;for DNA extraction;48.757°N;16.233°E;1;48.757;16.233
16144;Silphidae;Nicrophorus;germanicus;Jaroslavice;Moravia;Czech Republic;7263;;2;5;2003;4;5;2003;1;;cadaver Oryctolagus;;;;P. Šrámek;P. Šrámek;P. Šrámek;2003;J. Rùièka;2005;Sil9;1404;48.757°N;16.233°E;1;48.757;16.233
16149;Silphidae;Nicrophorus;germanicus;Jaroslavice;Moravia;Czech Republic;7263;;1;5;2003;;;;1;1;steppe;;;;J. Hájek;coll. J. Hájek in Národní muzeum, Praha;J. Rùièka;2007;;;Sil9;close to national frontier;48.757°N;16.233°E;1;48.757;16.233
12397;Silphidae;Nicrophorus;germanicus;Holíè env., Búdkovany;;Slovakia;;;1;1;1933;31;12;1933;4 spec.;;;;;;Baumert;Moravské zemské muzeum Brno;J. Rùièka;1993;;;Sil7;;48.767°N;17.189°E;1;48.767;17.189
12399;Silphidae;Nicrophorus;germanicus;Holíè env., Búdkovany;;Slovakia;;;1;1;1933;31;12;1933;1 spec.;;;;;;Baumert;Karas;J. Rùièka;1993;;;Sil7;;48.767°N;17.189°E;1;48.767;17.189
10303;Silphidae;Nicrophorus;germanicus;Trenèín env., Selec;;Slovakia;;;;;-;;;;;1;;;;;Koèí;Slovenské národné múzeum, Bratislava;J. Rùièka;1993;;;Sil4;;48.784°N;17.992°E;1;48.784;17.992
10010;Silphidae;Nicrophorus;sepultor;Harmanec;;Slovakia;;;;;-;;;;1;1;;;;;R. Rous;R. Rous;J. Rùièka;1988;;;Sil3;;48.796°N;19.074°E;1;48.796;19.074
12412;Silphidae;Nicrophorus;germanicus;Hnanice;Moravia;Czech Republic;7161;;22;8;2001;;;;;1;vineyard;;;;O. Meixnerová;P. Komzák;J. Rùièka;2003;;;Sil7;;48.797°N;15.988°E;1;48.797;15.988
16015;Silphidae;Nicrophorus;sepultor;Lednice;Moravia;Czech Republic;7166–7266;;1;6;1959;30;6;1959;1 spec.;;;;;;Z. Èernı;J. Háva;J. Háva;1992;;;Sil9;;48.800°N;16.802°E;1;48.8;16.802
12393;Silphidae;Nicrophorus;germanicus;Holíè;;Slovakia;;;1;1;1933;31;12;1933;1 spec.;;;;;;Boumart;Z. Èernı;J. Háva;1992;;;Sil7;;48.809°N;17.162°E;1;48.809;17.162
12414;Silphidae;Nicrophorus;germanicus;Tasovice-Sand Pit;Moravia;Czech Republic;7162;d;23;4;2004;;;;1;;sand pit ;;;;A. Reiter;Jihomoravské muzeum ve Znojmì;J. Háva;2004;J. Rùièka;2004;Sil7;N edge;48.844°N;16.142°E;1;48.844;16.142
12409;Silphidae;Nicrophorus;germanicus;Mühlfraun [Dyje] Village;Moravia;Czech Republic;;;30;8;1932;;;;;1;;;;;-;Moravské zemské muzeum Brno;J. Rùièka;2002;;;Sil7;;48.847°N;16.117°E;1;48.847;16.117
10313;Silphidae;Nicrophorus;germanicus;Znojmo;Moravia;Czech Republic;;;10;10;1925;;;;1;;;;;;-;Jihomoravské muzeum ve Znojmì;J. Rùièka;1994;;;Sil4;;48.858°N;16.054°E;1;48.858;16.054
12420;Silphidae;Nicrophorus;germanicus;Malá Vrbka;Moravia;Czech Republic;7170;;15;5;2003;;;;1;;;;;;K. Resl;K. Resl;J. Rùièka;2005;;;Sil7;;48.869°N;17.459°E;1;48.869;17.459
10008;Silphidae;Nicrophorus;sepultor;Trenèín;;Slovakia;;;;;-;;;;1;;;;;;J. Èepelák;R. Rous;J. Rùièka;1988;;;Sil3;teneral;48.894°N;18.041°E;1;48.894;18.041
12386;Silphidae;Nicrophorus;germanicus;Stránice;Moravia;Czech Republic;;;6;6;1929;;;;;1;;;;;? illeg.;coll. J. Volák in Muzeum vıchodních Èech v Hradci Králové;J. Rùièka;1992;;;Sil7;;48.900°N;17.315°E;1;48.9;17.315
21902;Silphidae;Nicrophorus;germanicus;Oleksovice;Moravia;Czech Republic;7063;;8;5;2006;;;;;3;carrion of Oryctolagus;;;;J. Vávra;J. Vávra (Ostrava);J. Rùièka;2014;;;PC;;48.902°N;16.249°E;1;48.902;16.249
12416;Silphidae;Nicrophorus;germanicus;Mutìnice;Moravia;Czech Republic;7168;;2;5;2002;;;;;2;;;;;F. Urbánek;K. Resl;J. Rùièka;2005;;;Sil7;;48.904°N;17.029°E;1;48.904;17.029
12415;Silphidae;Nicrophorus;germanicus;Èejè env., Špidláky Nature Reserve;Moravia;Czech Republic;7067;;15;8;1988;;;;1;;;;;on light;P. Bezdìèka;K. Resl;J. Rùièka;2005;;;Sil7;;48.916°N;16.963°E;1;48.916;16.963
9846;Silphidae;Nicrophorus;germanicus;Èejè;Moravia;Czech Republic;7067;;29;5;1982;;;;1 spec.;;;;;;I. Jeniš;I. Jeniš;J. Rùièka;1988;;;Sil3;;48.931°N;16.981°E;1;48.931;16.981
9929;Silphidae;Nicrophorus;germanicus;Èejè;Moravia;Czech Republic;7067;;22;6;1987;;;;1;3;;;;;R. Èervenka;J. Schneider;J. Rùièka;1988;;;Sil3;;48.931°N;16.981°E;1;48.931;16.981
9984;Silphidae;Nicrophorus;germanicus;Èejè;Moravia;Czech Republic;7067;;1;7;1956;31;7;1956;1;;;;;;R. Rous;R. Rous;J. Rùièka;1988;;;Sil3;;48.931°N;16.981°E;1;48.931;16.981
10278;Silphidae;Nicrophorus;germanicus;Èejè;Moravia;Czech Republic;7067;;;;-;;;;;3;;;;;Roubal;coll. J. Roubal in Slovenské národné múzeum, Bratislava;J. Rùièka;1992;;;Sil4;;48.931°N;16.981°E;1;48.931;16.981
10281;Silphidae;Nicrophorus;germanicus;Hodonín env., Èejè;Moravia;Czech Republic;7067;;;;-;;;;;1;;;;;Roubal;coll. J. Roubal in Slovenské národné múzeum, Bratislava;J. Rùièka;1992;;;Sil4;;48.931°N;16.981°E;1;48.931;16.981
10290;Silphidae;Nicrophorus;germanicus;Èejè;Moravia;Czech Republic;7067;;1;5;1941;31;5;1941;;1;;;;;Roubal;coll. J. Roubal in Slovenské národné múzeum, Bratislava;J. Rùièka;1992;;;Sil4;;48.931°N;16.981°E;1;48.931;16.981
10295;Silphidae;Nicrophorus;germanicus;Èejè;Moravia;Czech Republic;7067;;18;6;1943;;;;1;;;;;;V. Zavadil;Slovenské národné múzeum, Bratislava;J. Rùièka;1993;;;Sil4;;48.931°N;16.981°E;1;48.931;16.981
10318;Silphidae;Nicrophorus;germanicus;Èejè;Moravia;Czech Republic;7067;;3;7;1940;;;;1;;;;;;-;V. Mikuda;J. Rùièka;1995;;;Sil4;;48.931°N;16.981°E;1;48.931;16.981
10323;Silphidae;Nicrophorus;germanicus;Èejè env.;Moravia;Czech Republic;7067;;8;5;1996;;;;1;;;;;;M. Jaroš;M. Jaroš;J. Rùièka;1996;;;Sil4;;48.931°N;16.981°E;1;48.931;16.981
12403;Silphidae;Nicrophorus;germanicus;Èejè;Moravia;Czech Republic;7067;;;;-;;;;1 spec.;;;;;;J. Roubal; J. Rùièka;J. Rùièka;2002;;;Sil7;ex coll. P. Pecina;48.931°N;16.981°E;1;48.931;16.981
12419;Silphidae;Nicrophorus;germanicus;Èejè;Moravia;Czech Republic;7067;;7;5;2003;;;;;1;;;;;K. Resl;K. Resl;J. Rùièka;2005;;;Sil7;;48.931°N;16.981°E;1;48.931;16.981
9839;Silphidae;Nicrophorus;sepultor;Èejè;Moravia;Czech Republic;7067;;23;6;1982;;;;;1;;;;;I. Jeniš;I. Jeniš;J. Rùièka;1988;;;Sil3;;48.931°N;16.981°E;1;48.931;16.981
12404;Silphidae;Nicrophorus;germanicus;Pouzdøany;Moravia;Czech Republic;;;14;5;1950;;;;1;1;;;;;P. Lauterer;coll. P. Lauterer in Moravské zemské muzeum Brno;J. Rùièka;2002;;;Sil7;;48.934°N;16.625°E;1;48.934;16.625
12405;Silphidae;Nicrophorus;germanicus;Pouzdøany;Moravia;Czech Republic;;;4;5;1950;;;;1;2;;;;;P. Lauterer;coll. P. Lauterer in Moravské zemské muzeum Brno;J. Rùièka;2002;;;Sil7;;48.934°N;16.625°E;1;48.934;16.625
12406;Silphidae;Nicrophorus;germanicus;Pouzdøany;Moravia;Czech Republic;;;4;5;1950;;;;1;2;;;;;P. Lauterer;J. Rùièka;J. Rùièka;2002;;;Sil7;;48.934°N;16.625°E;1;48.934;16.625
12407;Silphidae;Nicrophorus;germanicus;Pouzdøany;Moravia;Czech Republic;;;1;5;1946;31;5;1946;1;2;;;;;A. Maláè;Moravské zemské muzeum Brno;J. Rùièka;2002;;;Sil7;;48.934°N;16.625°E;1;48.934;16.625
22886;Silphidae;Nicrophorus;germanicus;Pouzdøany;Moravia;Czech Republic;7165;;1;4;2009;30;4;2009;;1;;;;;D. Sommer;D. Sommer (Sušice);J. Rùièka;2015;;;PC;;48.934°N;16.625°E;1;48.934;16.625
10287;Silphidae;Nicrophorus;germanicus;Èejè env., Terezov [Terezín];Moravia;Czech Republic;7067;;;;-;;;;;1;;;;;Roubal;coll. J. Roubal in Slovenské národné múzeum, Bratislava;J. Rùièka;1992;;;Sil4;;48.955°N;16.944°E;1;48.955;16.944
16073;Silphidae;Nicrophorus;sepultor;Hrabušice;;Slovakia;;;3;7;1937;;;;1;;;;;;Roubal;coll. J. Roubal in Slovenské národné múzeum, Bratislava;J. Rùièka;1992;;;Sil9;;48.976°N;20.412°E;1;48.976;20.412
16078;Silphidae;Nicrophorus;sepultor;C. Trencsén [Trenèín] env., Bolesó [Bolešov];;Slovakia;;;;;-;;;;1;;;;;;J. Laczo;Slovenské národné múzeum, Bratislava;J. Rùièka;1993;;;Sil9;;48.987°N;18.159°E;1;48.987;18.159
10298;Silphidae;Nicrophorus;germanicus;Bolešov;;Slovakia;;;;;-;;;;1;;;;;;J. Laco;Slovenské národné múzeum, Bratislava;J. Rùièka;1993;;;Sil4;;48.988°N;18.156°E;1;48.988;18.156
10300;Silphidae;Nicrophorus;germanicus;Bolesó-Pého [Bolešov];;Slovakia;;;;;-;;;;1;;;;;;J. Laczo;Slovenské národné múzeum, Bratislava;J. Rùièka;1993;;;Sil4;;48.988°N;18.156°E;1;48.988;18.156
10312;Silphidae;Nicrophorus;germanicus;idlochovice;Moravia;Czech Republic;6965;;1;5;1966;31;5;1966;1;;;;;;J. Dezort;coll. J. Dezort in Moravské zemské muzeum Brno;J. Rùièka;1994;;;Sil4;;49.039°N;16.619°E;1;49.039;16.619
16019;Silphidae;Nicrophorus;sepultor;Strá nad Neárkou;Bohemia;Czech Republic;6955;;1;7;1951;31;7;1951;1;;;;;;Dostál;V. Karas;J. Rùièka;1991;;;Sil9;;49.070°N;14.906°E;1;49.07;14.906
16072;Silphidae;Nicrophorus;sepultor;Horní Pìna;Bohemia;Czech Republic;;;1;9;1901;30;9;1901;;1;cadaver in potatoes;;;;Roubal;coll. J. Roubal in Slovenské národné múzeum, Bratislava;J. Rùièka;1992;;;Sil9;;49.106°N;15.042°E;1;49.106;15.042
10320;Silphidae;Nicrophorus;germanicus;Buchlov;Moravia;Czech Republic;;;;;-;;;;1;1;;;;;-;coll. E. Jagemann in Moravské zemské muzeum Brno;J. Rùièka;1996;;;Sil4;;49.109°N;17.310°E;1;49.109;17.31
12378;Silphidae;Nicrophorus;germanicus;Slavkov u Brna env., Níkovice;Moravia;Czech Republic;;;1;4;1943;30;4;1943;1;;;;;;J. Volák;coll. J. Volák in Muzeum vıchodních Èech v Hradci Králové;J. Rùièka;1992;;;Sil7;;49.110°N;16.902°E;1;49.11;16.902
12375;Silphidae;Nicrophorus;germanicus;Slavkov u Brna env., Heršpice;Moravia;Czech Republic;;;1;7;1956;31;7;1956;;1;;;;;Volák;coll. J. Volák in Muzeum vıchodních Èech v Hradci Králové;J. Rùièka;1992;;;Sil7;;49.120°N;16.914°E;1;49.12;16.914
12385;Silphidae;Nicrophorus;germanicus;Slavkov u Brna env., Heršpice env., Stachota forest;Moravia;Czech Republic;;;1;7;1960;31;7;1960;;1;forest;;;;J. Volák;coll. J. Volák in Muzeum vıchodních Èech v Hradci Králové;J. Rùièka;1992;;;Sil7;;49.120°N;16.914°E;1;49.12;16.914
16003;Silphidae;Nicrophorus;sepultor;Heršpice;Moravia;Czech Republic;6867;;1;7;1956;31;7;1956;;1;;;;;J. Volák;coll. Volák in Muzeum vıchodních Èech v Hradci Králové;J. Rùièka;1992;;;Sil9;;49.120°N;16.914°E;1;49.12;16.914
16013;Silphidae;Nicrophorus;sepultor;Cidlin [Cidlina];Moravia;Czech Republic;;;;;-;;;;;1;;;;;-;coll. Nekolnı in Moravské zemské muzeum Brno;J. Rùièka;1993;;;Sil9;;49.128°N;15.736°E;1;49.128;15.736
16029;Silphidae;Nicrophorus;sepultor;Brno env., Modøice;Moravia;Czech Republic;6865;;16;7;1984;;;;1;;;;;caught while flying;J. Moravec;J. Moravec;J. Rùièka;2003;;;Sil9;evening;49.128°N;16.614°E;1;49.128;16.614
16018;Silphidae;Nicrophorus;sepultor;Vlkov nad Lunicí;Bohemia;Czech Republic;;;31;8;1978;;;;;1;;;;;V. Karas;V. Karas;J. Rùièka;1991;;;Sil9;;49.148°N;14.728°E;1;49.148;14.728
16115;Silphidae;Nicrophorus;antennatus;Slavkov u Brna;Moravia;Czech Republic;;;1;6;1944;30;6;1944;1;1;;;;;Volák;coll. Volák in Muzeum vıchodních Èech v Hradci Králové;J. Rùièka;1992;;;Sil9;;49.154°N;16.876°E;1;49.154;16.876
12408;Silphidae;Nicrophorus;germanicus;Slavkov u Brna;Moravia;Czech Republic;;;1;9;1943;30;9;1943;1;;;;;;J. Volák;coll. J. Raušer in Moravské zemské muzeum Brno;J. Rùièka;2002;;;Sil7;JR det. 1993;49.154°N;16.876°E;1;49.154;16.876
10306;Silphidae;Nicrophorus;germanicus;Slavkov u Brna;Moravia;Czech Republic;;;1;9;1943;30;9;1943;1;;;;;;J. Volák;coll. J. Raušer in Moravské zemské muzeum Brno;J. Rùièka;1993;;;Sil4;;49.155°N;16.877°E;1;49.155;16.877
16002;Silphidae;Nicrophorus;sepultor;Slavkov u Brna;Moravia;Czech Republic;6867;;1;5;1930;31;5;1930;;1;;;;;J. Volák;coll. Volák in Muzeum vıchodních Èech v Hradci Králové;J. Rùièka;1992;;;Sil9;;49.155°N;16.877°E;1;49.155;16.877
10305;Silphidae;Nicrophorus;germanicus;Zbıšov;Moravia;Czech Republic;;;1;9;1973;30;9;1973;2;1;;;;;I. Grulich;coll. I. Grulich in Moravské zemské muzeum Brno;J. Rùièka;1993;;;Sil4;;49.156°N;16.350°E;1;49.156;16.35
12398;Silphidae;Nicrophorus;germanicus;Horusice;Bohemia;Czech Republic;6854;;26;5;1978;;;;;1;cadaver Capreolus, next to a lake;;;;V. Karas;V. Karas;J. Rùièka;1993;;;Sil7;;49.164°N;14.671°E;1;49.164;14.671
16121;Silphidae;Nicrophorus;antennatus;Brno env., Jiøíkovice;Moravia;Czech Republic;;;4;5;1952;;;;;1;;;;;-;coll. F. Netopil in Moravské zemské muzeum Brno;J. Rùièka;2002;;;Sil9;;49.167°N;16.758°E;1;49.167;16.758
9985;Silphidae;Nicrophorus;germanicus;Brno;Moravia;Czech Republic;;;1;5;1947;31;5;1947;1;;;;;;R. Rous [?];R. Rous;J. Rùièka;1988;;;Sil3;;49.194°N;16.611°E;1;49.194;16.611
12380;Silphidae;Nicrophorus;germanicus;Tøebíè env., Studenec;Moravia;Czech Republic;;;14;5;1942;;;;;1;;;;;A. Rùièka;coll. J. Volák in Muzeum vıchodních Èech v Hradci Králové;J. Rùièka;1992;;;Sil7;;49.200°N;16.065°E;1;49.2;16.065
12383;Silphidae;Nicrophorus;germanicus;Vl[?ašské] Pozoøice [Pozoøice];Moravia;Czech Republic;;;1;1;1931;31;12;1931;1;;forest;;;;J. Volák;coll. J. Volák in Muzeum vıchodních Èech v Hradci Králové;J. Rùièka;1992;;;Sil7;;49.210°N;16.791°E;1;49.21;16.791
15998;Silphidae;Nicrophorus;sepultor;Jezera [Pozoøice-Jezera];Moravia;Czech Republic;;;1;6;1931;30;6;1931;;1;forest;;;;J. Volák;coll. Volák in Muzeum vıchodních Èech v Hradci Králové;J. Rùièka;1992;;;Sil9;;49.218°N;16.800°E;1;49.218;16.8
16026;Silphidae;Nicrophorus;sepultor;Germania;;Germany;;;;;-;;;;;2;;;;;Reitter;Ostravské muzeum;J. Rùièka;1996;;;Sil9;;49.222°N;16.674°E;1;49.222;16.674
12374;Silphidae;Nicrophorus;germanicus;Brno-Královo Pole;Moravia;Czech Republic;;;1;5;1948;;;;;1;;;;;Kvapil;coll. J. Volák in Muzeum vıchodních Èech v Hradci Králové;J. Rùièka;1992;;;Sil7;;49.227°N;16.593°E;1;49.227;16.593
16076;Silphidae;Nicrophorus;sepultor;Ivanovice;Moravia;Czech Republic;;;;;-;;;;1;1;;;;;-;Slovenské národné múzeum, Bratislava;J. Rùièka;1993;;;Sil9;;49.264°N;16.567°E;1;49.264;16.567
10299;Silphidae;Nicrophorus;germanicus;Ivanovice;Moravia;Czech Republic;;;;;-;;;;2;;;;;;V. Zoufal;Slovenské národné múzeum, Bratislava;J. Rùièka;1993;;;Sil4;;49.266°N;16.567°E;1;49.266;16.567
10304;Silphidae;Nicrophorus;germanicus;Kromìøí;Moravia;Czech Republic;;;;;-;;;;;1;;;;;J. Fiala;coll. J. Fiala in Moravské zemské muzeum Brno;J. Rùièka;1993;;;Sil4;;49.298°N;17.393°E;1;49.298;17.393
10316;Silphidae;Nicrophorus;germanicus;Ivanovice na Hané;Moravia;Czech Republic;;;;;-;;;;2;2;;;;;E. Palásek;coll. A. Keil in Jihoèeské muzeum v Èeskıch Budìjovicích;J. Rùièka;1995;;;Sil4;;49.306°N;17.094°E;1;49.306;17.094
12381;Silphidae;Nicrophorus;germanicus;Prostìjov;Moravia;Czech Republic;6568;;;;-;;;;;1;;;;;F. Urbášek;coll. J. Volák in Muzeum vıchodních Èech v Hradci Králové;J. Rùièka;1992;;;Sil7;;49.472°N;17.113°E;1;49.472;17.113
16132;Silphidae;Nicrophorus;antennatus;Drahanovice na Hané [Drahanovice];Moravia;Czech Republic;;;7;8;1943;;;;;1;;300;;;A. Adámek;coll. J. Roubal in Slovenské národné múzeum, Bratislava;J. Rùièka;1992;;;Sil9;;49.579°N;17.077°E;1;49.579;17.077
9848;Silphidae;Nicrophorus;germanicus;Olomouc;Moravia;Czech Republic;;;14;5;1973;;;;1 spec.;;meadow, cadaver Cricetus;;;;I. Jeniš;I. Jeniš;J. Rùièka;1988;;;Sil3;;49.589°N;17.256°E;1;49.589;17.256
10319;Silphidae;Nicrophorus;germanicus;Olomouc;Moravia;Czech Republic;;;1;1;1991;31;12;1991;1;;;;;;V. Vyhnálek;J. Prouza;J. Rùièka;1995;;;Sil4;;49.589°N;17.256°E;1;49.589;17.256
9847;Silphidae;Nicrophorus;germanicus;Tìšetice env.;Moravia;Czech Republic;;;10;5;1975;;;;;1;cadaver Lepus;;;;I. Jeniš;I. Jeniš;J. Rùièka;1988;;;Sil3;;49.592°N;17.126°E;1;49.592;17.126
12377;Silphidae;Nicrophorus;germanicus;Èernovír;Moravia;Czech Republic;;;1;1;1942;31;12;1942;;1;;;;;Kamenièek;coll. J. Volák in Muzeum vıchodních Èech v Hradci Králové;J. Rùièka;1992;;;Sil7;;49.615°N;17.257°E;1;49.615;17.257
12410;Silphidae;Nicrophorus;germanicus;Skrbeò;Moravia;Czech Republic;6369;;15;4;2000;;;;1;;;;;;O. Nakládal;O. Nakládal, Litovel;J. Rùièka;2002;;;Sil7;;49.642°N;17.178°E;1;49.642;17.178
16011;Silphidae;Nicrophorus;sepultor;Pøíkaz [Pøíkazy];Moravia;Czech Republic;6368;;;;-;;;;;1;;;;;-;coll. Nekolnı in Moravské zemské muzeum Brno;J. Rùièka;1993;;;Sil9;;49.644°N;17.143°E;1;49.644;17.143
10310;Silphidae;Nicrophorus;germanicus;Boniowitz [Bohuòovice];Moravia;Czech Republic;;;;;-;;;;1;;;;;;-;coll. Nekolnı in Moravské zemské muzeum Brno;J. Rùièka;1993;;;Sil4;;49.663°N;17.286°E;1;49.663;17.286
12376;Silphidae;Nicrophorus;germanicus;Olomouc env., Lašany [Bìlkovice-Lašany];Moravia;Czech Republic;;;;;-;;;;1;;;;;;J. Svoboda;coll. J. Volák in Muzeum vıchodních Èech v Hradci Králové;J. Rùièka;1992;;;Sil7;;49.670°N;17.317°E;1;49.67;17.317
16024;Silphidae;Nicrophorus;sepultor;Plzeò-Bokov;Bohemia;Czech Republic;6246;;15;7;1967;;;;1;;;;;;Capouch;A. Holub;J. Rùièka;1995;;;Sil9;;49.732°N;13.430°E;1;49.732;13.43
16012;Silphidae;Nicrophorus;sepultor;Aichen [Horní Sukolom];Moravia;Czech Republic;;;;;-;;;;1;;;;;;-;coll. Nekolnı in Moravské zemské muzeum Brno;J. Rùièka;1993;;;Sil9;;49.803°N;17.136°E;1;49.803;17.136
12392;Silphidae;Nicrophorus;germanicus;Litomyšl;Bohemia;Czech Republic;;;;;-;;;;2 spec.;;;;;;Voøíšek;J. Háva;J. Háva;1992;;;Sil7;;49.872°N;16.311°E;1;49.872;16.311
12394;Silphidae;Nicrophorus;germanicus;Litomyšl;Bohemia;Czech Republic;;;;;-;;;;1 spec.;;;;;;coll. Brokeš;J. Háva;J. Háva;1992;;;Sil7;f.foscifer;49.872°N;16.311°E;1;49.872;16.311
16117;Silphidae;Nicrophorus;antennatus;Litomyšl;Bohemia;Czech Republic;;;1;8;1955;31;8;1955;1 spec.;;;;;;Voøíšek;J. Háva;J. Háva;1992;;;Sil9;;49.873°N;16.310°E;1;49.873;16.31
12370;Silphidae;Nicrophorus;germanicus;Slatiòany env., Vısonín;Bohemia;Czech Republic;;;10;6;1954;;;;1;;;;;;J. Musil;Muzeum vıchodních Èech v Hradci Králové;J. Rùièka;1992;;;Sil7;;49.881°N;15.823°E;1;49.881;15.823
15996;Silphidae;Nicrophorus;sepultor;Pirnik [Brníèko];Moravia;Czech Republic;;;;;-;;;;;3;;;;;-;coll. Volák in Muzeum vıchodních Èech v Hradci Králové;J. Rùièka;1992;;;Sil9;;49.894°N;16.968°E;1;49.894;16.968
16010;Silphidae;Nicrophorus;sepultor;Pirnik [Brníèko];Moravia;Czech Republic;;;;;-;;;;1;1;;;;;-;coll. Nekolnı in Moravské zemské muzeum Brno;J. Rùièka;1993;;;Sil9;;49.894°N;16.968°E;1;49.894;16.968
16075;Silphidae;Nicrophorus;sepultor;Dolní Mokropsy;Bohemia;Czech Republic;;;1;1;1941;31;12;1941;1 spec.;;;;;;Wadas;coll. J. Roubal in Slovenské národné múzeum, Bratislava;J. Rùièka;1992;;;Sil9;;49.945°N;14.333°E;1;49.945;14.333
10308;Silphidae;Nicrophorus;germanicus;Chrudim;Bohemia;Czech Republic;;;1;5;1932;31;5;1932;1;;pinetum;;;;Brejcha;Moravské zemské muzeum Brno;J. Rùièka;1993;;;Sil4;;49.951°N;15.796°E;1;49.951;15.796
12367;Silphidae;Nicrophorus;germanicus;Chrudim;Bohemia;Czech Republic;;;;;-;;;;;1;;;;;-;Muzeum vıchodních Èech v Hradci Králové;J. Rùièka;1992;;;Sil7;;49.951°N;15.796°E;1;49.951;15.796
12379;Silphidae;Nicrophorus;germanicus;Chrudim;Bohemia;Czech Republic;6060;;20;5;1914;;;;1;;;;;;A. Rùièka;coll. J. Volák in Muzeum vıchodních Èech v Hradci Králové;J. Rùièka;1992;;;Sil7;;49.951°N;15.796°E;1;49.951;15.796
10283;Silphidae;Nicrophorus;germanicus;Chrudim;Bohemia;Czech Republic;;;;;-;;;;1;;;;;;coll. Štusák;coll. J. Roubal in Slovenské národné múzeum, Bratislava;J. Rùièka;1992;;;Sil4;;49.951°N;15.797°E;1;49.951;15.797
15995;Silphidae;Nicrophorus;sepultor;Chrudim;Bohemia;Czech Republic;6060;;12;8;1912;;;;1;;;;;;-;coll. Volák in Muzeum vıchodních Èech v Hradci Králové;J. Rùièka;1992;;;Sil9;;49.951°N;15.797°E;1;49.951;15.797
15997;Silphidae;Nicrophorus;sepultor;Mariánské Láznì;Bohemia;Czech Republic;6042;;;;-;;;;1;;;;;;-;coll. Volák in Muzeum vıchodních Èech v Hradci Králové;J. Rùièka;1992;;;Sil9;;49.954°N;12.705°E;1;49.954;12.705
16027;Silphidae;Nicrophorus;sepultor;Øíèany-Radošovice;Bohemia;Czech Republic;5954;;8;7;1946;;;;1;;;;;;P. Pecina;Ostravské muzeum;J. Rùièka;1996;;;Sil9;;50.001°N;14.671°E;1;50.001;14.671
15999;Silphidae;Nicrophorus;sepultor;[Praha-] Lochkov;Bohemia;Czech Republic;5952;;13;7;1914;;;;1;;;;;;K. Klonka;coll. Volák in Muzeum vıchodních Èech v Hradci Králové;J. Rùièka;1992;;;Sil9;;50.003°N;14.353°E;1;50.003;14.353
10277;Silphidae;Nicrophorus;germanicus;Praha-Chuchle;Bohemia;Czech Republic;;;;;-;;;;2;;;;;;Schiffner;coll. J. Roubal in Slovenské národné múzeum, Bratislava;J. Rùièka;1992;;;Sil4;28, 65;50.009°N;14.382°E;1;50.009;14.382
16028;Silphidae;Nicrophorus;sepultor;Praha-Barrandov Film Studios;Bohemia;Czech Republic;5952;;7;8;1999;;;;;1;; ;;;B. Vašíèková;A. Hamet;J. Rùièka;2003;;;Sil9;(J. Háva det 2000: N. investigator);50.031°N;14.392°E;1;50.031;14.392
16131;Silphidae;Nicrophorus;antennatus;Kluèov;Bohemia;Czech Republic;;;;;-;;;;1;;;;;;Wadas;coll. J. Roubal in Slovenské národné múzeum, Bratislava;J. Rùièka;1992;;;Sil9;;50.095°N;14.909°E;1;50.095;14.909
10291;Silphidae;Nicrophorus;germanicus;Praha-Hanspaulka;Bohemia;Czech Republic;;;1;7;1941;31;7;1941;;1;cadaver Canis lupus f. familiaris;;;;S. Starı;coll. J. Roubal in Slovenské národné múzeum, Bratislava;J. Rùièka;1992;;;Sil4;;50.106°N;14.380°E;1;50.106;14.38
12369;Silphidae;Nicrophorus;germanicus;Frankfurt am Main env.;Hesse;Germany;;;10;9;1940;;;;1;;;;;;H. Hesse;Muzeum vıchodních Èech v Hradci Králové;J. Rùièka;1992;;;Sil7;;50.118°N;08.678°E;1;50.118;8.678
15994;Silphidae;Nicrophorus;sepultor;Hodìšovice;Bohemia;Czech Republic;5861;;1;9;1956;30;9;1956;1;;;;;;Hozák;Muzeum vıchodních Èech v Hradci Králové;J. Rùièka;1992;;;Sil9;;50.148°N;15.920°E;1;50.148;15.92
16016;Silphidae;Nicrophorus;sepultor;Praha env., Mírovice;Bohemia;Czech Republic;5853;;1;9;1977;;;;1 spec.;;;;;;Z. Èernı;Z. Èernı;J. Háva;1992;;;Sil9;;50.168°N;14.543°E;1;50.168;14.543
10286;Silphidae;Nicrophorus;germanicus;Nymburk;Bohemia;Czech Republic;5856;;22;7;1933;;;;1;;cadaver Felis;;;;J. Kulhánek;coll. J. Roubal in Slovenské národné múzeum, Bratislava;J. Rùièka;1992;;;Sil4;;50.187°N;15.041°E;1;50.187;15.041
12395;Silphidae;Nicrophorus;germanicus;Stará Boleslav;Bohemia;Czech Republic;;;21;5;1958;;;;1 spec.;;;;;;Z. Èernı;J. Háva;J. Háva;1992;;;Sil7;f.foscifer;50.198°N;14.678°E;1;50.198;14.678
12388;Silphidae;Nicrophorus;germanicus;Milovice;Bohemia;Czech Republic;5755;;1;9;1960;30;9;1960;1;;;;;;-;Vlastivìdné muzeum v Èeské Lípì;J. Rùièka;1992;;;Sil7;;50.227°N;14.888°E;1;50.227;14.888
10288;Silphidae;Nicrophorus;germanicus;Nymburk env., Louèeò env., Zavadilka;Bohemia;Czech Republic;;;22;8;1933;;;;1;;cadaver Felis;;;;J. Kulhánek;coll. J. Roubal in Slovenské národné múzeum, Bratislava;J. Rùièka;1992;;;Sil4;;50.257°N;14.983°E;1;50.257;14.983
10285;Silphidae;Nicrophorus;germanicus;Neratovice;Bohemia;Czech Republic;;;;;-;;;;1;;;;;;? Petre.er;coll. J. Roubal in Slovenské národné múzeum, Bratislava;J. Rùièka;1992;;;Sil4;;50.263°N;14.518°E;1;50.263;14.518
16005;Silphidae;Nicrophorus;sepultor;Osoblaha env.;Moravia;Czech Republic;5772;;;;-;;;;;1;;;;;J. Stanovskı;J. Stanovskı;J. Rùièka;1993;;;Sil9;(date?);50.275°N;17.715°E;1;50.275;17.715
22830;Silphidae;Nicrophorus;sepultor;Strá nad Ohøí-Osvinov;Bohemia;Czech Republic;5644;;2;8;2014;20;8;2014;1;3;;;;;Kadlec, Máslo, Mikátová;J. Rùièka (Praha);J. Rùièka;2015;;;PC;;50.355°N;13.031°E;1;50.355;13.031
22831;Silphidae;Nicrophorus;sepultor;Strá nad Ohøí-Osvinov;Bohemia;Czech Republic;5644;;2;8;2014;20;8;2014;1;4;;;;;Kadlec, Máslo, Mikátová;Katedra zoologie, UK Praha;J. Rùièka;2015;;;PC;;50.355°N;13.031°E;1;50.355;13.031
21842;Silphidae;Nicrophorus;sepultor;Evaò, central part;Bohemia;Czech Republic;5650;;4;6;2006;1;7;2006;;1;steppe;;;pitfall traps;R. Vlèek;P. Moravec (Litomìøice);J. Rùièka;2014;;;PC;;50.384°N;14.029°E;1;50.384;14.029
21838;Silphidae;Nicrophorus;germanicus;Evaò, central part;Bohemia;Czech Republic;5650;;4;6;2006;1;7;2006;1;;steppe;;;pitfall traps;R. Vlèek;P. Moravec (Litomìøice);J. Rùièka;2014;;;PC;;50.385°N;14.029°E;1;50.385;14.029
16124;Silphidae;Nicrophorus;antennatus;Poplze S env.;Bohemia;Czech Republic;5550;;23;7;2006;30;7;2006;1;;pasture;;;baited pitfall trap (fish);D. Král;D. Král;J. Rùièka;2007;;;Sil9;;50.388°N;14.053°E;1;50.388;14.053
16030;Silphidae;Nicrophorus;sepultor;Poplze S env.;Bohemia;Czech Republic;5550;;23;7;2006;30;7;2006;2;1;pasture;;;baited pitfall trap (fish);D. Král;D. Král;J. Rùièka;2007;;;Sil9;;50.388°N;14.053°E;1;50.388;14.053
16031;Silphidae;Nicrophorus;sepultor;Poplze S env.;Bohemia;Czech Republic;5550;;23;7;2006;30;7;2006;1;1;pasture;;;baited pitfall trap (fish);D. Král;J. Rùièka;J. Rùièka;2007;;;Sil9;;50.388°N;14.053°E;1;50.388;14.053
16147;Silphidae;Nicrophorus;germanicus;Poplze S env.;Bohemia;Czech Republic;5550;;23;7;2006;30;7;2006;3;3;pasture;;;baited pitfall trap (fish);D. Král;D. Král;J. Rùièka;2007;;;Sil9;;50.396°N;14.043°E;1;50.396;14.043
16148;Silphidae;Nicrophorus;germanicus;Poplze S env.;Bohemia;Czech Republic;5550;;23;7;2006;30;7;2006;2;2;pasture;;;baited pitfall trap (fish);D. Král;J. Rùièka;J. Rùièka;2007;;;Sil9;;50.396°N;14.043°E;1;50.396;14.043
16082;Silphidae;Nicrophorus;sepultor;Èeské støedohoøí Mts.-Raná Hill;Bohemia;Czech Republic;;;16;6;1993;10;7;1993;;1;;;;;P. Moravec;P. Moravec;J. Rùièka;1994;;;Sil9;traps 3B;50.406°N;13.773°E;1;50.406;13.773
12389;Silphidae;Nicrophorus;germanicus;Èeské støedohoøí Mts., Raná Hill;Bohemia;Czech Republic;5548;;6;8;1972;;;;1;;;;;;M. Honcù;Vlastivìdné muzeum v Èeské Lípì;J. Rùièka;1992;;;Sil7;;50.407°N;13.772°E;1;50.407;13.772
21841;Silphidae;Nicrophorus;sepultor;Èeské støedohoøí Mts., Mnichov env., Oblík Hill;Bohemia;Czech Republic;5548;;7;7;1999;23;7;1999;1;1;3P;;;pitfall traps;T. Kumstátová;J. Rùièka (Praha);J. Rùièka;2014;;;PC;;50.408°N;13.809°E;1;50.408;13.809
16125;Silphidae;Nicrophorus;antennatus;abovøesky nad Ohøí N env.;Bohemia;Czech Republic;5550;;10;7;2005;17;7;2005;;1;;270;;baited pitfall trap (fish);D. Král;D. Král;J. Rùièka;2007;;;Sil9;50°25.3’N 014°05.5’E;50.419°N;14.110°E;1;50.419;14.11
18252;Silphidae;Nicrophorus;antennatus;abovøesky nad Ohøí, N env. ;Bohemia;Czech Republic;5550;;14;4;2006;28;4;2006;;1;non-manured meadow near the former sand pit;270;;baited pitfall trap No. 6 (fish meat);I. Rızlerová;J. Rùièka;J. Rùièka;2009;;;PC;50°25.3’N 014°05.5’E;50.419°N;14.110°E;1;50.419;14.11
18253;Silphidae;Nicrophorus;antennatus;abovøesky nad Ohøí, N env. ;Bohemia;Czech Republic;5550;;14;4;2006;28;4;2006;1;;non-manured meadow near the former sand pit;270;;baited pitfall trap No. 2 (fish meat);I. Rızlerová;J. Rùièka;J. Rùièka;2009;;;PC;50°25.3’N 014°05.5’E;50.419°N;14.110°E;1;50.419;14.11
18254;Silphidae;Nicrophorus;antennatus;abovøesky nad Ohøí, N env. ;Bohemia;Czech Republic;5550;;14;4;2006;28;4;2006;;1;balk between fields, near the former sand pit;270;;baited pitfall trap No. 13 (fish meat);I. Rızlerová;J. Rùièka;J. Rùièka;2009;;;PC;50°25.3’N 014°05.5’E;50.419°N;14.110°E;1;50.419;14.11
18255;Silphidae;Nicrophorus;antennatus;abovøesky nad Ohøí, N env. ;Bohemia;Czech Republic;5550;;28;5;2006;12;6;2006;;1;non-manured meadow near the former sand pit;270;;baited pitfall trap No. 4 (fish meat);I. Rızlerová;J. Rùièka;J. Rùièka;2009;;;PC;50°25.3’N 014°05.5’E;50.419°N;14.110°E;1;50.419;14.11
18256;Silphidae;Nicrophorus;antennatus;abovøesky nad Ohøí, N env. ;Bohemia;Czech Republic;5550;;27;6;2006;12;7;2006;1;;non-manured meadow near the former sand pit;270;;baited pitfall trap No. 3 (fish meat);I. Rızlerová;J. Rùièka;J. Rùièka;2009;;;PC;50°25.3’N 014°05.5’E;50.419°N;14.110°E;1;50.419;14.11
18257;Silphidae;Nicrophorus;antennatus;abovøesky nad Ohøí, N env. ;Bohemia;Czech Republic;5550;;27;6;2006;12;7;2006;;1;non-manured meadow near the former sand pit;270;;baited pitfall trap No. 7 (fish meat);I. Rızlerová;J. Rùièka;J. Rùièka;2009;;;PC;50°25.3’N 014°05.5’E;50.419°N;14.110°E;1;50.419;14.11
18258;Silphidae;Nicrophorus;antennatus;abovøesky nad Ohøí, N env. ;Bohemia;Czech Republic;5550;;27;6;2006;12;7;2006;1;;non-manured meadow near the former sand pit;270;;baited pitfall trap No. 7 (fish meat);I. Rızlerová;J. Rùièka;J. Rùièka;2009;;;PC;50°25.3’N 014°05.5’E;50.419°N;14.110°E;1;50.419;14.11
18259;Silphidae;Nicrophorus;antennatus;abovøesky nad Ohøí, N env. ;Bohemia;Czech Republic;5550;;27;6;2006;12;7;2006;;1;former sand pit, dry balk with shrubs;270;;baited pitfall trap No. 21 (fish meat);I. Rızlerová;J. Rùièka;J. Rùièka;2009;;;PC;50°25.3’N 014°05.5’E;50.419°N;14.110°E;1;50.419;14.11
18260;Silphidae;Nicrophorus;antennatus;abovøesky nad Ohøí, N env. ;Bohemia;Czech Republic;5550;;27;6;2006;12;6;2006;1;2;balk between fields, near the former sand pit;270;;baited pitfall trap No. 10 (fish meat);I. Rızlerová;J. Rùièka;J. Rùièka;2009;;;PC;50°25.3’N 014°05.5’E;50.419°N;14.110°E;1;50.419;14.11
18261;Silphidae;Nicrophorus;antennatus;abovøesky nad Ohøí, N env. ;Bohemia;Czech Republic;5550;;12;7;2006;25;7;2006;1;;former sand pit, dry balk with shrubs;270;;baited pitfall trap No. 19 (fish meat);I. Rızlerová;J. Rùièka;J. Rùièka;2009;;;PC;50°25.3’N 014°05.5’E;50.419°N;14.110°E;1;50.419;14.11
18262;Silphidae;Nicrophorus;antennatus;abovøesky nad Ohøí, N env. ;Bohemia;Czech Republic;5550;;25;7;2006;6;8;2006;;1;non-manured meadow near the former sand pit;270;;baited pitfall trap No. 6 (fish meat);I. Rızlerová;J. Rùièka;J. Rùièka;2009;;;PC;50°25.3’N 014°05.5’E;50.419°N;14.110°E;1;50.419;14.11
18263;Silphidae;Nicrophorus;antennatus;abovøesky nad Ohøí, N env. ;Bohemia;Czech Republic;5550;;6;9;2006;18;9;2006;2;;non-manured meadow near the former sand pit;270;;baited pitfall trap No. 2 (fish meat);I. Rızlerová;J. Rùièka;J. Rùièka;2009;;;PC;50°25.3’N 014°05.5’E;50.419°N;14.110°E;1;50.419;14.11
18264;Silphidae;Nicrophorus;antennatus;abovøesky nad Ohøí, N env. ;Bohemia;Czech Republic;5550;;6;9;2006;18;9;2006;3;2;non-manured meadow near the former sand pit;270;;baited pitfall trap No. 4 (fish meat);I. Rızlerová;J. Rùièka;J. Rùièka;2009;;;PC;50°25.3’N 014°05.5’E;50.419°N;14.110°E;1;50.419;14.11
14721;Silphidae;Nicrophorus;antennatus;abovøesky nad Ohøí, N env.;Bohemia;Czech Republic;5550;;3;4;2006;14;4;2006;1;;non-manured meadow near the former sand pit, trap No. 1;270;;baited pitfall traps (fish meat);I. Rızlerová;J. Rùièka;J. Rùièka;2008;;;PC;50°25.3’N 014°05.5’E;50.419°N;14.110°E;1;50.419;14.11
14722;Silphidae;Nicrophorus;antennatus;abovøesky nad Ohøí, N env.;Bohemia;Czech Republic;5550;;14;4;2006;28;4;2006;1;4;non-manured meadow near the former sand pit, trap No. 1;270;;baited pitfall traps (fish meat);I. Rızlerová;J. Rùièka;J. Rùièka;2008;;;PC;50°25.3’N 014°05.5’E;50.419°N;14.110°E;1;50.419;14.11
14723;Silphidae;Nicrophorus;antennatus;abovøesky nad Ohøí, N env.;Bohemia;Czech Republic;5550;;28;6;2006;12;7;2006;;1;non-manured meadow near the former sand pit, trap No. 1;270;;baited pitfall traps (fish meat);I. Rızlerová;J. Rùièka;J. Rùièka;2008;;;PC;50°25.3’N 014°05.5’E;50.419°N;14.110°E;1;50.419;14.11
14724;Silphidae;Nicrophorus;antennatus;abovøesky nad Ohøí, N env.;Bohemia;Czech Republic;5550;;18;9;2006;1;10;2006;;1;non-manured meadow near the former sand pit, trap No. 1;270;;baited pitfall traps (fish meat);I. Rızlerová;J. Rùièka;J. Rùièka;2008;;;PC;50°25.3’N 014°05.5’E;50.419°N;14.110°E;1;50.419;14.11
14725;Silphidae;Nicrophorus;antennatus;abovøesky nad Ohøí, N env.;Bohemia;Czech Republic;5550;;18;9;2006;1;10;2006;2;2;non-manured meadow near the former sand pit, trap No. 2;270;;baited pitfall traps (fish meat);I. Rızlerová;J. Rùièka;J. Rùièka;2008;;;PC;50°25.3’N 014°05.5’E;50.419°N;14.110°E;1;50.419;14.11
14726;Silphidae;Nicrophorus;antennatus;abovøesky nad Ohøí, N env.;Bohemia;Czech Republic;5550;;14;4;2006;28;4;2006;;2;non-manured meadow near the former sand pit, trap No. 3;270;;baited pitfall traps (fish meat);I. Rızlerová;J. Rùièka;J. Rùièka;2008;;;PC;50°25.3’N 014°05.5’E;50.419°N;14.110°E;1;50.419;14.11
14727;Silphidae;Nicrophorus;antennatus;abovøesky nad Ohøí, N env.;Bohemia;Czech Republic;5550;;28;6;2006;12;7;2006;1;;non-manured meadow near the former sand pit, trap No. 3;270;;baited pitfall traps (fish meat);I. Rızlerová;J. Rùièka;J. Rùièka;2008;;;PC;50°25.3’N 014°05.5’E;50.419°N;14.110°E;1;50.419;14.11
14728;Silphidae;Nicrophorus;antennatus;abovøesky nad Ohøí, N env.;Bohemia;Czech Republic;5550;;18;9;2006;1;10;2006;;1;non-manured meadow near the former sand pit, trap No. 3;270;;baited pitfall traps (fish meat);I. Rızlerová;J. Rùièka;J. Rùièka;2008;;;PC;50°25.3’N 014°05.5’E;50.419°N;14.110°E;1;50.419;14.11
14729;Silphidae;Nicrophorus;antennatus;abovøesky nad Ohøí, N env.;Bohemia;Czech Republic;5550;;3;4;2006;14;4;2006;1;;non-manured meadow near the former sand pit, trap No. 4;270;;baited pitfall traps (fish meat);I. Rızlerová;J. Rùièka;J. Rùièka;2008;;;PC;50°25.3’N 014°05.5’E;50.419°N;14.110°E;1;50.419;14.11
14730;Silphidae;Nicrophorus;antennatus;abovøesky nad Ohøí, N env.;Bohemia;Czech Republic;5550;;18;9;2006;1;10;2006;1;1;non-manured meadow near the former sand pit, trap No. 4;270;;baited pitfall traps (fish meat);I. Rızlerová;J. Rùièka;J. Rùièka;2008;;;PC;50°25.3’N 014°05.5’E;50.419°N;14.110°E;1;50.419;14.11
14731;Silphidae;Nicrophorus;antennatus;abovøesky nad Ohøí, N env.;Bohemia;Czech Republic;5550;;3;4;2006;14;4;2006;1;;non-manured meadow near the former sand pit, trap No. 5;270;;baited pitfall traps (fish meat);I. Rızlerová;J. Rùièka;J. Rùièka;2008;;;PC;50°25.3’N 014°05.5’E;50.419°N;14.110°E;1;50.419;14.11
14732;Silphidae;Nicrophorus;antennatus;abovøesky nad Ohøí, N env.;Bohemia;Czech Republic;5550;;28;6;2006;12;7;2006;2;2;non-manured meadow near the former sand pit, trap No. 5;270;;baited pitfall traps (fish meat);I. Rızlerová;J. Rùièka;J. Rùièka;2008;;;PC;50°25.3’N 014°05.5’E;50.419°N;14.110°E;1;50.419;14.11
14733;Silphidae;Nicrophorus;antennatus;abovøesky nad Ohøí, N env.;Bohemia;Czech Republic;5550;;18;9;2006;1;10;2006;2;2;non-manured meadow near the former sand pit, trap No. 5;270;;baited pitfall traps (fish meat);I. Rızlerová;J. Rùièka;J. Rùièka;2008;;;PC;50°25.3’N 014°05.5’E;50.419°N;14.110°E;1;50.419;14.11
14734;Silphidae;Nicrophorus;antennatus;abovøesky nad Ohøí, N env.;Bohemia;Czech Republic;5550;;12;6;2006;27;6;2006;1;;non-manured meadow near the former sand pit, trap No. 6;270;;baited pitfall traps (fish meat);I. Rızlerová;J. Rùièka;J. Rùièka;2008;;;PC;50°25.3’N 014°05.5’E;50.419°N;14.110°E;1;50.419;14.11
14735;Silphidae;Nicrophorus;antennatus;abovøesky nad Ohøí, N env.;Bohemia;Czech Republic;5550;;18;9;2006;1;10;2006;;1;non-manured meadow near the former sand pit, trap No. 6;270;;baited pitfall traps (fish meat);I. Rızlerová;J. Rùièka;J. Rùièka;2008;;;PC;50°25.3’N 014°05.5’E;50.419°N;14.110°E;1;50.419;14.11
14736;Silphidae;Nicrophorus;antennatus;abovøesky nad Ohøí, N env.;Bohemia;Czech Republic;5550;;3;4;2006;14;4;2006;1;;non-manured meadow near the former sand pit, trap No. 7;270;;baited pitfall traps (fish meat);I. Rızlerová;J. Rùièka;J. Rùièka;2008;;;PC;50°25.3’N 014°05.5’E;50.419°N;14.110°E;1;50.419;14.11
14737;Silphidae;Nicrophorus;antennatus;abovøesky nad Ohøí, N env.;Bohemia;Czech Republic;5550;;14;4;2006;28;4;2006;4;1;non-manured meadow near the former sand pit, trap No. 7;270;;baited pitfall traps (fish meat);I. Rızlerová;J. Rùièka;J. Rùièka;2008;;;PC;50°25.3’N 014°05.5’E;50.419°N;14.110°E;1;50.419;14.11
14738;Silphidae;Nicrophorus;antennatus;abovøesky nad Ohøí, N env.;Bohemia;Czech Republic;5550;;18;9;2006;1;10;2006;1;2;non-manured meadow near the former sand pit, trap No. 7;270;;baited pitfall traps (fish meat);I. Rızlerová;J. Rùièka;J. Rùièka;2008;;;PC;50°25.3’N 014°05.5’E;50.419°N;14.110°E;1;50.419;14.11
14739;Silphidae;Nicrophorus;antennatus;abovøesky nad Ohøí, N env.;Bohemia;Czech Republic;5550;;12;6;2006;28;6;2006;1;;balk between fields, near the former sand pit, trap No. 8;270;;baited pitfall traps (fish meat);I. Rızlerová;J. Rùièka;J. Rùièka;2008;;;PC;50°25.3’N 014°05.5’E;50.419°N;14.110°E;1;50.419;14.11
14740;Silphidae;Nicrophorus;antennatus;abovøesky nad Ohøí, N env.;Bohemia;Czech Republic;5550;;27;6;2006;12;7;2006;1;;balk between fields, near the former sand pit, trap No. 9;270;;baited pitfall traps (fish meat);I. Rızlerová;J. Rùièka;J. Rùièka;2008;;;PC;50°25.3’N 014°05.5’E;50.419°N;14.110°E;1;50.419;14.11
16145;Silphidae;Nicrophorus;germanicus;abovøesky nad Ohøí N env.;Bohemia;Czech Republic;5550;;10;7;2005;17;7;2005;2;4;;270;;baited pitfall trap (fish);D. Král;D. Král;J. Rùièka;2007;;;Sil9;50°25.3’N 014°05.5’E;50.419°N;14.110°E;1;50.419;14.11
16146;Silphidae;Nicrophorus;germanicus;abovøesky nad Ohøí N env.;Bohemia;Czech Republic;5550;;10;7;2005;17;7;2005;1;1;;270;;baited pitfall trap (fish);D. Král;J. Rùièka;J. Rùièka;2007;;;Sil9;50°25.3’N 014°05.5’E;50.419°N;14.110°E;1;50.419;14.11
18222;Silphidae;Nicrophorus;germanicus;abovøesky nad Ohøí, N env. ;Bohemia;Czech Republic;5550;;14;4;2006;28;4;2006;2;1;non-manured meadow near the former sand pit;270;;baited pitfall trap No. 4 (fish meat);I. Rızlerová;J. Rùièka;J. Rùièka;2009;;;PC;50°25.3’N 014°05.5’E;50.419°N;14.110°E;1;50.419;14.11
18223;Silphidae;Nicrophorus;germanicus;abovøesky nad Ohøí, N env. ;Bohemia;Czech Republic;5550;;14;4;2006;28;4;2006;1;1;non-manured meadow near the former sand pit;270;;baited pitfall trap No. 9 (fish meat);I. Rızlerová;J. Rùièka;J. Rùièka;2009;;;PC;50°25.3’N 014°05.5’E;50.419°N;14.110°E;1;50.419;14.11
18224;Silphidae;Nicrophorus;germanicus;abovøesky nad Ohøí, N env. ;Bohemia;Czech Republic;5550;;14;4;2006;28;4;2006;3;2;non-manured meadow near the former sand pit;270;;baited pitfall trap No. 3 (fish meat);I. Rızlerová;J. Rùièka;J. Rùièka;2009;;;PC;50°25.3’N 014°05.5’E;50.419°N;14.110°E;1;50.419;14.11
18225;Silphidae;Nicrophorus;germanicus;abovøesky nad Ohøí, N env. ;Bohemia;Czech Republic;5550;;14;4;2006;28;4;2006;1;2;non-manured meadow near the former sand pit;270;;baited pitfall trap No. 6 (fish meat);I. Rızlerová;J. Rùièka;J. Rùièka;2009;;;PC;50°25.3’N 014°05.5’E;50.419°N;14.110°E;1;50.419;14.11
18226;Silphidae;Nicrophorus;germanicus;abovøesky nad Ohøí, N env. ;Bohemia;Czech Republic;5550;;14;4;2006;28;4;2006;2;;former sand pit, dry balk with shrubs;270;;baited pitfall trap No. 20 (fish meat);I. Rızlerová;J. Rùièka;J. Rùièka;2009;;;PC;50°25.3’N 014°05.5’E;50.419°N;14.110°E;1;50.419;14.11
18227;Silphidae;Nicrophorus;germanicus;abovøesky nad Ohøí, N env. ;Bohemia;Czech Republic;5550;;12;6;2006;27;6;2006;1;3;non-manured meadow near the former sand pit;270;;baited pitfall trap No. 6 (fish meat);I. Rızlerová;J. Rùièka;J. Rùièka;2009;;;PC;50°25.3’N 014°05.5’E;50.419°N;14.110°E;1;50.419;14.11
18228;Silphidae;Nicrophorus;germanicus;abovøesky nad Ohøí, N env. ;Bohemia;Czech Republic;5550;;12;6;2006;27;6;2006;3;6;non-manured meadow near the former sand pit;270;;baited pitfall trap No. 3 (fish meat);I. Rızlerová;J. Rùièka;J. Rùièka;2009;;;PC;50°25.3’N 014°05.5’E;50.419°N;14.110°E;1;50.419;14.11
18229;Silphidae;Nicrophorus;germanicus;abovøesky nad Ohøí, N env. ;Bohemia;Czech Republic;5550;;27;6;2006;12;7;2006;5;2;non-manured meadow near the former sand pit;270;;baited pitfall trap No. 1 (fish meat);I. Rızlerová;J. Rùièka;J. Rùièka;2009;;;PC;50°25.3’N 014°05.5’E;50.419°N;14.110°E;1;50.419;14.11
18230;Silphidae;Nicrophorus;germanicus;abovøesky nad Ohøí, N env. ;Bohemia;Czech Republic;5550;;27;6;2006;12;7;2006;1;;non-manured meadow near the former sand pit;270;;baited pitfall trap No. 3 (fish meat);I. Rızlerová;J. Rùièka;J. Rùièka;2009;;;PC;50°25.3’N 014°05.5’E;50.419°N;14.110°E;1;50.419;14.11
18231;Silphidae;Nicrophorus;germanicus;abovøesky nad Ohøí, N env. ;Bohemia;Czech Republic;5550;;27;6;2006;12;7;2006;1;;non-manured meadow near the former sand pit;270;;baited pitfall trap No. 9 (fish meat);I. Rızlerová;J. Rùièka;J. Rùièka;2009;;;PC;50°25.3’N 014°05.5’E;50.419°N;14.110°E;1;50.419;14.11
18232;Silphidae;Nicrophorus;germanicus;abovøesky nad Ohøí, N env. ;Bohemia;Czech Republic;5550;;18;9;2006;1;10;2006;1;;non-manured meadow near the former sand pit;270;;baited pitfall trap No. 1 (fish meat);I. Rızlerová;J. Rùièka;J. Rùièka;2009;;;PC;50°25.3’N 014°05.5’E;50.419°N;14.110°E;1;50.419;14.11
18233;Silphidae;Nicrophorus;germanicus;abovøesky nad Ohøí, N env. ;Bohemia;Czech Republic;5550;;18;9;2006;1;10;2006;2;1;non-manured meadow near the former sand pit;270;;baited pitfall trap No. 2 (fish meat);I. Rızlerová;J. Rùièka;J. Rùièka;2009;;;PC;50°25.3’N 014°05.5’E;50.419°N;14.110°E;1;50.419;14.11
18234;Silphidae;Nicrophorus;germanicus;abovøesky nad Ohøí, N env. ;Bohemia;Czech Republic;5550;;18;9;2006;1;10;2006;3;1;non-manured meadow near the former sand pit;270;;baited pitfall trap No. 7 (fish meat);I. Rızlerová;J. Rùièka;J. Rùièka;2009;;;PC;50°25.3’N 014°05.5’E;50.419°N;14.110°E;1;50.419;14.11
18235;Silphidae;Nicrophorus;germanicus;abovøesky nad Ohøí, N env. ;Bohemia;Czech Republic;5550;;18;9;2006;1;10;2006;1;1;non-manured meadow near the former sand pit;270;;baited pitfall trap No. 4 (fish meat);I. Rızlerová;J. Rùièka;J. Rùièka;2009;;;PC;50°25.3’N 014°05.5’E;50.419°N;14.110°E;1;50.419;14.11
18236;Silphidae;Nicrophorus;germanicus;abovøesky nad Ohøí, N env. ;Bohemia;Czech Republic;5550;;18;9;2006;1;10;2006;1;;non-manured meadow near the former sand pit;270;;baited pitfall trap No. 8 (fish meat);I. Rızlerová;J. Rùièka;J. Rùièka;2009;;;PC;50°25.3’N 014°05.5’E;50.419°N;14.110°E;1;50.419;14.11
18237;Silphidae;Nicrophorus;germanicus;abovøesky nad Ohøí, N env. ;Bohemia;Czech Republic;5550;;18;9;2006;1;10;2006;1;;former sand pit, dry balk with shrubs;270;;baited pitfall trap No. 19 (fish meat);I. Rızlerová;J. Rùièka;J. Rùièka;2009;;;PC;50°25.3’N 014°05.5’E;50.419°N;14.110°E;1;50.419;14.11
18238;Silphidae;Nicrophorus;germanicus;abovøesky nad Ohøí, N env. ;Bohemia;Czech Republic;5550;;18;9;2006;1;10;2006;1;;non-manured meadow near the former sand pit;270;;baited pitfall trap No. 5 (fish meat);I. Rızlerová;J. Rùièka;J. Rùièka;2009;;;PC;50°25.3’N 014°05.5’E;50.419°N;14.110°E;1;50.419;14.11
18239;Silphidae;Nicrophorus;germanicus;abovøesky nad Ohøí, N env. ;Bohemia;Czech Republic;5550;;18;9;2006;1;10;2006;;1;non-manured meadow near the former sand pit;270;;baited pitfall trap No. 3 (fish meat);I. Rızlerová;J. Rùièka;J. Rùièka;2009;;;PC;50°25.3’N 014°05.5’E;50.419°N;14.110°E;1;50.419;14.11
18240;Silphidae;Nicrophorus;germanicus;abovøesky nad Ohøí, N env. ;Bohemia;Czech Republic;5550;;18;9;2006;1;10;2006;1;;non-manured meadow near the former sand pit;270;;baited pitfall trap No. 6 (fish meat);I. Rızlerová;J. Rùièka;J. Rùièka;2009;;;PC;50°25.3’N 014°05.5’E;50.419°N;14.110°E;1;50.419;14.11
22201;Silphidae;Nicrophorus;germanicus;abovøesky nad Ohøí, N env.;Bohemia;Czech Republic;5550;;27;6;2006;12;7;2006;1;;extensivelly manured meadow near the former sand pit, trap No. 6;270;;baited pitfall traps (fish meat);I. Rızlerová;J. Rùièka;J. Rùièka;2014;;;PC;50°25.3’N 014°05.5’E;50.419°N;14.110°E;1;50.419;14.11
22202;Silphidae;Nicrophorus;germanicus;abovøesky nad Ohøí, N env.;Bohemia;Czech Republic;5550;;27;6;2006;12;7;2006;2;;counry lane near field, trap No. 8;270;;baited pitfall traps (fish meat);I. Rızlerová;J. Rùièka;J. Rùièka;2014;;;PC;50°25.3’N 014°05.5’E;50.419°N;14.110°E;1;50.419;14.11
22203;Silphidae;Nicrophorus;germanicus;abovøesky nad Ohøí, N env.;Bohemia;Czech Republic;5550;;6;9;2006;18;9;2006;1;2;extensivelly manured meadow near the former sand pit, trap No. 2;270;;baited pitfall traps (fish meat);I. Rızlerová;J. Rùièka;J. Rùièka;2014;;;PC;50°25.3’N 014°05.5’E;50.419°N;14.110°E;1;50.419;14.11
22204;Silphidae;Nicrophorus;germanicus;abovøesky nad Ohøí, N env.;Bohemia;Czech Republic;5550;;12;7;2006;25;7;2006;1;;extensivelly manured meadow near the former sand pit, trap No. 7;270;;baited pitfall traps (fish meat);I. Rızlerová;J. Rùièka;J. Rùièka;2014;;;PC;50°25.3’N 014°05.5’E;50.419°N;14.110°E;1;50.419;14.11
22205;Silphidae;Nicrophorus;germanicus;abovøesky nad Ohøí, N env.;Bohemia;Czech Republic;5550;;28;5;2006;12;6;2006;1;;extensivelly manured meadow near the former sand pit, trap No. 7;270;;baited pitfall traps (fish meat);I. Rızlerová;J. Rùièka;J. Rùièka;2014;;;PC;50°25.3’N 014°05.5’E;50.419°N;14.110°E;1;50.419;14.11
22206;Silphidae;Nicrophorus;germanicus;abovøesky nad Ohøí, N env.;Bohemia;Czech Republic;5550;;28;5;2006;12;6;2006;1;1;extensivelly manured meadow near the former sand pit, trap No. 4;270;;baited pitfall traps (fish meat);I. Rızlerová;J. Rùièka;J. Rùièka;2014;;;PC;50°25.3’N 014°05.5’E;50.419°N;14.110°E;1;50.419;14.11
16032;Silphidae;Nicrophorus;sepultor;abovøesky nad Ohøí N env.;Bohemia;Czech Republic;5550;;10;7;2005;17;7;2005;4;6;;270;;baited pitfall trap (fish);D. Král;D. Král;J. Rùièka;2007;;;Sil9;;50.419°N;14.110°E;1;50.419;14.11
16033;Silphidae;Nicrophorus;sepultor;abovøesky nad Ohøí N env.;Bohemia;Czech Republic;5550;;10;7;2005;17;7;2005;2;3;;270;;baited pitfall trap (fish);D. Král;J. Rùièka;J. Rùièka;2007;;;Sil9;;50.419°N;14.110°E;1;50.419;14.11
18243;Silphidae;Nicrophorus;sepultor;abovøesky nad Ohøí, N env. ;Bohemia;Czech Republic;5550;;25;7;2006;6;8;2006;3;;balk between fields, near the former sand pit;270;;baited pitfall trap No. 8 (fish meat);I. Rızlerová;J. Rùièka;J. Rùièka;2009;;;PC;50°25.3’N 014°05.5’E;50.419°N;14.110°E;1;50.419;14.11
22258;Silphidae;Nicrophorus;sepultor;abovøesky nad Ohøí, N env.;Bohemia;Czech Republic;5550;;6;8;2006;19;8;2006;1;;non-manured meadow near the former sand pit, trap No. 20;270;;baited pitfall traps (fish meat);I. Rızlerová;J. Rùièka;J. Rùièka;2014;;;PC;50°25.3’N 014°05.5’E;50.419°N;14.110°E;1;50.419;14.11
22259;Silphidae;Nicrophorus;sepultor;abovøesky nad Ohøí, N env.;Bohemia;Czech Republic;5550;;28;5;2006;12;6;2006;1;;extensivelly manured meadow near the former sand pit, trap No. 7;270;;baited pitfall traps (fish meat);I. Rızlerová;J. Rùièka;J. Rùièka;2014;;;PC;50°25.3’N 014°05.5’E;50.419°N;14.110°E;1;50.419;14.11
22260;Silphidae;Nicrophorus;sepultor;abovøesky nad Ohøí, N env.;Bohemia;Czech Republic;5550;;27;6;2006;12;7;2006;1;;non-manured meadow near the former sand pit, trap No. 16;270;;baited pitfall traps (fish meat);I. Rızlerová;J. Rùièka;J. Rùièka;2014;;;PC;50°25.3’N 014°05.5’E;50.419°N;14.110°E;1;50.419;14.11
22261;Silphidae;Nicrophorus;sepultor;abovøesky nad Ohøí, N env.;Bohemia;Czech Republic;5550;;12;6;2006;28;6;2006;1;2;counry lane near field, trap No. 14;270;;baited pitfall traps (fish meat);I. Rızlerová;J. Rùièka;J. Rùièka;2014;;;PC;50°25.3’N 014°05.5’E;50.419°N;14.110°E;1;50.419;14.11
22262;Silphidae;Nicrophorus;sepultor;abovøesky nad Ohøí, N env.;Bohemia;Czech Republic;5550;;6;9;2006;18;9;2006;1;1;extensivelly manured meadow near the former sand pit, trap No. 2;270;;baited pitfall traps (fish meat);I. Rızlerová;J. Rùièka;J. Rùièka;2014;;;PC;50°25.3’N 014°05.5’E;50.419°N;14.110°E;1;50.419;14.11
22263;Silphidae;Nicrophorus;sepultor;abovøesky nad Ohøí, N env.;Bohemia;Czech Republic;5550;;27;6;2006;12;7;2006;1;;non-manured meadow near the former sand pit, trap No. 16;270;;baited pitfall traps (fish meat);I. Rızlerová;J. Rùièka;J. Rùièka;2014;;;PC;50°25.3’N 014°05.5’E;50.419°N;14.110°E;1;50.419;14.11
22264;Silphidae;Nicrophorus;sepultor;abovøesky nad Ohøí, N env.;Bohemia;Czech Republic;5550;;6;9;2006;18;9;2006;1;;extensivelly manured meadow near the former sand pit, trap No. 4;270;;baited pitfall traps (fish meat);I. Rızlerová;J. Rùièka;J. Rùièka;2014;;;PC;50°25.3’N 014°05.5’E;50.419°N;14.110°E;1;50.419;14.11
22265;Silphidae;Nicrophorus;sepultor;abovøesky nad Ohøí, N env.;Bohemia;Czech Republic;5550;;19;8;2006;6;9;2006;;1;non-manured meadow near the former sand pit, trap No. 19;270;;baited pitfall traps (fish meat);I. Rızlerová;J. Rùièka;J. Rùièka;2014;;;PC;50°25.3’N 014°05.5’E;50.419°N;14.110°E;1;50.419;14.11
22266;Silphidae;Nicrophorus;sepultor;abovøesky nad Ohøí, N env.;Bohemia;Czech Republic;5550;;6;9;2006;18;9;2006;1;;extensivelly manured meadow near the former sand pit, trap No. 4;270;;baited pitfall traps (fish meat);I. Rızlerová;J. Rùièka;J. Rùièka;2014;;;PC;50°25.3’N 014°05.5’E;50.419°N;14.110°E;1;50.419;14.11
22267;Silphidae;Nicrophorus;sepultor;abovøesky nad Ohøí, N env.;Bohemia;Czech Republic;5550;;6;9;2006;18;9;2006;;1;extensivelly manured meadow near the former sand pit, trap No. 2;270;;baited pitfall traps (fish meat);I. Rızlerová;J. Rùièka;J. Rùièka;2014;;;PC;50°25.3’N 014°05.5’E;50.419°N;14.110°E;1;50.419;14.11
22268;Silphidae;Nicrophorus;sepultor;abovøesky nad Ohøí, N env.;Bohemia;Czech Republic;5550;;27;6;2006;12;7;2006;;1;extensivelly manured meadow near the former sand pit, trap No. 7;270;;baited pitfall traps (fish meat);I. Rızlerová;J. Rùièka;J. Rùièka;2014;;;PC;50°25.3’N 014°05.5’E;50.419°N;14.110°E;1;50.419;14.11
22269;Silphidae;Nicrophorus;sepultor;abovøesky nad Ohøí, N env.;Bohemia;Czech Republic;5550;;6;9;2006;18;9;2006;;1;extensivelly manured meadow near the former sand pit, trap No. 5;270;;baited pitfall traps (fish meat);I. Rızlerová;J. Rùièka;J. Rùièka;2014;;;PC;50°25.3’N 014°05.5’E;50.419°N;14.110°E;1;50.419;14.11
22270;Silphidae;Nicrophorus;sepultor;abovøesky nad Ohøí, N env.;Bohemia;Czech Republic;5550;;27;6;2006;12;7;2006;;5;counry lane near field, trap No. 10;270;;baited pitfall traps (fish meat);I. Rızlerová;J. Rùièka;J. Rùièka;2014;;;PC;50°25.3’N 014°05.5’E;50.419°N;14.110°E;1;50.419;14.11
22271;Silphidae;Nicrophorus;sepultor;abovøesky nad Ohøí, N env.;Bohemia;Czech Republic;5550;;6;9;2006;18;9;2006;;1;extensivelly manured meadow near the former sand pit, trap No. 5;270;;baited pitfall traps (fish meat);I. Rızlerová;J. Rùièka;J. Rùièka;2014;;;PC;50°25.3’N 014°05.5’E;50.419°N;14.110°E;1;50.419;14.11
22272;Silphidae;Nicrophorus;sepultor;abovøesky nad Ohøí, N env.;Bohemia;Czech Republic;5550;;28;5;2006;12;6;2006;5;;extensivelly manured meadow near the former sand pit, trap No. 5;270;;baited pitfall traps (fish meat);I. Rızlerová;J. Rùièka;J. Rùièka;2014;;;PC;50°25.3’N 014°05.5’E;50.419°N;14.110°E;1;50.419;14.11
10324;Silphidae;Nicrophorus;germanicus;Roudnice nad Labem;Bohemia;Czech Republic;;;4;6;1996;;;;1;;cadaver Talpa;;;;J. Kohout;J. Kohout;J. Rùièka;1996;;;Sil4;;50.422°N;14.258°E;1;50.422;14.258
10325;Silphidae;Nicrophorus;germanicus;Roudnice nad Labem;Bohemia;Czech Republic;;;5;6;1996;;;;1;;cadaver Talpa;;;;J. Kohout;P. Moravec, Roudnice nad Labem;J. Rùièka;1996;;;Sil4;;50.422°N;14.258°E;1;50.422;14.258
16004;Silphidae;Nicrophorus;sepultor;Kosmonosy env., Baba Hill;Bohemia;Czech Republic;;;1;6;1974;30;6;1974;1;;;;;;K. Mikvas;Vlastivìdné muzeum v Èeské Lípì;J. Rùièka;1992;;;Sil9;;50.446°N;14.947°E;1;50.446;14.947
16071;Silphidae;Nicrophorus;sepultor;Mimoò env., Novı Dvùr;Bohemia;Czech Republic;;;;;-;;;;;1;;;;;Roubal;coll. J. Roubal in Slovenské národné múzeum, Bratislava;J. Rùièka;1992;;;Sil9;;50.653°N;14.798°E;1;50.653;14.798
16070;Silphidae;Nicrophorus;sepultor;Mimoò;Bohemia;Czech Republic;;;1;7;1946;31;7;1946;;4;;;;;Roubal;coll. J. Roubal in Slovenské národné múzeum, Bratislava;J. Rùièka;1992;;;Sil9;;50.655°N;14.724°E;1;50.655;14.724
12390;Silphidae;Nicrophorus;germanicus;Mimoò;Bohemia;Czech Republic;5354;;;;-;;;;;1;;;;;K. Mikvas;Vlastivìdné muzeum v Èeské Lípì;J. Rùièka;1992;;;Sil7;;50.659°N;14.725°E;1;50.659;14.725
9979;Silphidae;Nicrophorus;antennatus;Kielce-Piaski ;;Poland;;;;;-;;;;1;;;;;;Klièka;R. Rous;J. Rùièka;1988;;;Sil3;;50.889°N;20.625°E;1;50.889;20.625
16079;Silphidae;Nicrophorus;sepultor;Pommern [Pomerania]-Velsow [Wieliszewo]-Denzin [Dêbczyn];;Poland;;;;;-;;;;1;;;;;;J. Kniephof;Slovenské národné múzeum, Bratislava;J. Rùièka;1993;;;Sil9;;51.812°N;16.056°E;1;51.812;16.056
16006;Silphidae;Nicrophorus;sepultor;Pomerania-Stolp [Slupsk]-Velsow [Wieliszewo];;Poland;;;;;-;;;;;1;;;;;J. Kniephof;coll. J. Fiala in Moravské zemské muzeum Brno;J. Rùièka;1993;;;Sil9;;54.427°N;17.323°E;1;54.427;17.323
16020;Silphidae;Nicrophorus;sepultor;Pommern [Pomerania]-Velsow [Wieliszewo]-Denzin [Dêbczyn];;Germany;;;;;-;;;;;1;;;;;J. Kniephof;Jihomoravské muzeum ve Znojmì;J. Rùièka;1995;;;Sil9;;54.427°N;17.323°E;1;54.427;17.323
9980;Silphidae;Nicrophorus;antennatus;Praha env.;Bohemia;Czech Republic;;;1;1;1949;31;12;1949;1;;;;;;Wágner;R. Rous;J. Rùièka;1988;;;Sil3;;;;0;;
16116;Silphidae;Nicrophorus;antennatus;Brno;Moravia;Czech Republic;;;1;7;19?35;31;7;1935;;1;forest;;;;Volák;coll. Volák in Muzeum vıchodních Èech v Hradci Králové;J. Rùièka;1992;;;Sil9;;;;0;;
16120;Silphidae;Nicrophorus;antennatus;Vídeò;;Austria;;;;;-;;;;1;1;;;;;-;coll. E. Jagemann in Moravské zemské muzeum Brno;J. Rùièka;1996;;;Sil9;;;;0;;
16123;Silphidae;Nicrophorus;antennatus;Khrebet Petra I. Mts.-Sev. Skl.-okr. K-KA Gankhshoy-U Rodnika;; ;;;26;6;1969;;;;1;;;2000;2100;;V. Michailov;Naturhistorisches Museum Basel;J. Rùièka;2005;;;Sil9;;;;0;;
16126;Silphidae;Nicrophorus;antennatus;Praha;Bohemia;Czech Republic;;;1;1;1870;31;12;1870;1;;;;;;Fulín;coll. J. Roubal in Slovenské národné múzeum, Bratislava;J. Rùièka;1992;;;Sil9;;;;0;;
16130;Silphidae;Nicrophorus;antennatus;Roudnice;Bohemia;Czech Republic;;;9;5;1907;;;;1;2;;;;;Roubal;coll. J. Roubal in Slovenské národné múzeum, Bratislava;J. Rùièka;1992;;;Sil9;(které?);;;0;;
16135;Silphidae;Nicrophorus;antennatus;Pressburger Comitate [Prešpurská upa];;Slovakia;;;;;-;;;;1;;;;;;V. Zoufal;Slovenské národné múzeum, Bratislava;J. Rùièka;1993;;;Sil9;;;;0;;
16136;Silphidae;Nicrophorus;antennatus;Siebenbürgen [Transylvania];;Romania;;;;;-;;;;;2;;;;;coll. Schrötter;Slovenské národné múzeum, Bratislava;J. Rùièka;1993;;;Sil9;;;;0;;
16137;Silphidae;Nicrophorus;antennatus;Transsylvania;;Romania;;;;;-;;;;2;1;;;;;coll. J. Laco;Slovenské národné múzeum, Bratislava;J. Rùièka;1993;;;Sil9;;;;0;;
16142;Silphidae;Nicrophorus;antennatus;Taškent env., Aktaš [Aktash] Mt.;;Uzbekistan;;;6;5;1975;7;5;1975;1;;;;;;A. Olexa;A. Olexa;J. Rùièka;1993;;;Sil9;;;;0;;
21990;Silphidae;Nicrophorus;antennatus;Styria;;;;;;;without date;;;;1;;;;;;Reitter;Mus. Ostrava;J. Vondøejc;;J. Rùièka;2014;PC;;;;0;;
9988;Silphidae;Nicrophorus;germanicus;Italien;;Italy;;;;;-;;;;1;;;;;;Reitter & Leder;R. Rous;J. Rùièka;1988;;;Sil3;;;;0;;
9989;Silphidae;Nicrophorus;germanicus;Caucasus Mts.;;;;;;;-;;;;;1;;;;;Leder & Reitter;R. Rous;J. Rùièka;1988;;;Sil3;;;;0;;
10279;Silphidae;Nicrophorus;germanicus;Praha;Bohemia;Czech Republic;;;1;1;1870;31;12;1870;1;;;;;;Fulín;coll. J. Roubal in Slovenské národné múzeum, Bratislava;J. Rùièka;1992;;;Sil4;;;;0;;
10289;Silphidae;Nicrophorus;germanicus;Polabí Region;Bohemia;Czech Republic;;;1;1;1904;31;12;1904;1;;;;;;-;coll. J. Roubal in Slovenské národné múzeum, Bratislava;J. Rùièka;1992;;;Sil4;;;;0;;
10301;Silphidae;Nicrophorus;germanicus;Pressburger Comitate [Prešpurská upa];;Slovakia;;;;;-;;;;;1;;;;;V. Zoufal;Slovenské národné múzeum, Bratislava;J. Rùièka;1993;;;Sil4;;;;0;;
10302;Silphidae;Nicrophorus;germanicus;Siebenbürgen [Transylvania];Transilvania;Romania;;;;;-;;;;;1;;;;;-;Slovenské národné múzeum, Bratislava;J. Rùièka;1993;;;Sil4;;;;0;;
10322;Silphidae;Nicrophorus;germanicus;O. Schesien;;;;;;;-;;;;;1;;;;;-;Ostravské muzeum;J. Rùièka;1996;;;Sil4;;;;0;;
12382;Silphidae;Nicrophorus;germanicus;Brünn [Brno]-Obrovatal;Moravia;Czech Republic;;;14;6;1943;;;;1;;;;;;H.R. Henning;coll. J. Volák in Muzeum vıchodních Èech v Hradci Králové;J. Rùièka;1992;;;Sil7;;;;0;;
12384;Silphidae;Nicrophorus;germanicus;Vranov;;;;;;;-;;;;1;;;;;;Stejskal;coll. J. Volák in Muzeum vıchodních Èech v Hradci Králové;J. Rùièka;1992;;;Sil7;;;;0;;
12387;Silphidae;Nicrophorus;germanicus;Bruna [Brno];Moravia;Czech Republic;;;;;-;;;;;1;;;;;-;coll. J. Volák in Muzeum vıchodních Èech v Hradci Králové;J. Rùièka;1992;;;Sil7;;;;0;;
12391;Silphidae;Nicrophorus;germanicus;SFRJ Mladeè;;;;;1;7;1985;31;7;1985;1 spec.;;;;;;Vyhnálek;J. Háva;J. Háva;1992;;;Sil7;;;;0;;
12396;Silphidae;Nicrophorus;germanicus;Olomouc;Moravia;Czech Republic;;;1;1;1972;31;12;1972;2 spec.;;;;;;N. Špicarová;Moravské zemské muzeum Brno;J. Rùièka;1993;;;Sil7;ex larva;;;0;;
12402;Silphidae;Nicrophorus;germanicus;Balog [nad Ip¾om];;Slovakia;7980;;;;-;;;;;;;;;;ex coll. P. Pecina;O. Hovorka;J. Rùièka;2002;;;Sil7;uncertain locality;;;0;;
9986;Silphidae;Nicrophorus;germanicus [?];Dagestan;Dagestan;Russia;;;;;-;;;;;1;;;;;Leder & Reitter;R. Rous;J. Rùièka;1988;;;Sil3;;;;0;;
15993;Silphidae;Nicrophorus;sepultor;Tirol;;Austria;;;;;-;;;;;1;;;;;-;Muzeum vıchodních Èech v Hradci Králové;J. Rùièka;1992;;;Sil9;;;;0;;
16001;Silphidae;Nicrophorus;sepultor;Bruna [Brno] env.;Moravia;Czech Republic;;;;;-;;;;1;;;;;;-;coll. Volák in Muzeum vıchodních Èech v Hradci Králové;J. Rùièka;1992;;;Sil9;;;;0;;
16007;Silphidae;Nicrophorus;sepultor;Brno;Moravia;Czech Republic;;;;;-;;;;1;;;;;;J. Fiala;coll. J. Fiala in Moravské zemské muzeum Brno;J. Rùièka;1993;;;Sil9;;;;0;;
16008;Silphidae;Nicrophorus;sepultor;Brno;Moravia;Czech Republic;;;1;6;1968;30;6;1968;2;1;;;;;-;coll. I. Grulich in Moravské zemské muzeum Brno;J. Rùièka;1993;;;Sil9;;;;0;;
16009;Silphidae;Nicrophorus;sepultor;Zbıšov;Moravia;Czech Republic;;;1;9;1973;30;9;1973;3;1;;;;;Grulich;coll. I. Grulich in Moravské zemské muzeum Brno;J. Rùièka;1993;;;Sil9;(which?);;;0;;
16014;Silphidae;Nicrophorus;sepultor;Chentejskı Amjak Dol. Mörön Gol;;Mongolia;;;1;7;1985;31;7;1985;2 spec.;;;;;;B. Malec;J. Háva;J. Háva;1992;;;Sil9;N. argutor;;;0;;
16017;Silphidae;Nicrophorus;sepultor;Batuarov-Somon;;Mongolia;;;1;9;1977;30;9;1977;1 spec.;;;;;;Bláha;Z. Èernı;J. Háva;1992;;;Sil9;N. argutor;;;0;;
16021;Silphidae;Nicrophorus;sepultor;Moravia;Moravia;Czech Republic;;;;;-;;;;;1;;;;;Reitter;Jihomoravské muzeum ve Znojmì;J. Rùièka;1995;;;Sil9;;;;0;;
16022;Silphidae;Nicrophorus;sepultor;Germany;;Germany;;;;;-;;;;1;;;;;;-;coll. J. Havlíèek in Jihoèeské muzeum v Èeskıch Budìjovicích;J. Rùièka;1995;;;Sil9;;;;0;;
16023;Silphidae;Nicrophorus;sepultor;Austria;;Austria;;;;;-;;;;;1;;;;;-;coll. A. Keil in Jihoèeské muzeum v Èeskıch Budìjovicích;J. Rùièka;1995;;;Sil9;;;;0;;
16025;Silphidae;Nicrophorus;sepultor;Hády;Moravia;Czech Republic;6766;;;;-;;;;;1;;;;;-;coll. E. Jagemann in Moravské zemské muzeum Brno;J. Rùièka;1996;;;Sil9;;;;0;;
16074;Silphidae;Nicrophorus;sepultor;Trstìnice;;Czech Republic;;;1;6;1955;30;6;1955;;1;;;;;Skuhravı;coll. J. Roubal in Slovenské národné múzeum, Bratislava;J. Rùièka;1992;;;Sil9;(které?);;;0;;
16080;Silphidae;Nicrophorus;sepultor;Chmelnice;;Czech Republic;;;20;8;1908;;;;;1;;;;;Fanouš;Slovenské národné múzeum, Bratislava;J. Rùièka;1993;;;Sil9;(které?);;;0;;
9931;Silphidae;Nicrophorus;vestigator;Kladruby nad Labem;Bohemia;Czech Republic;;;28;8;1985;;;;;1;;;;;R. Dunda;J. Schneider;J. Rùièka;1988;;;Sil3;;;;0;;
9981;Silphidae;Nicrophorus;vestigator;Praha-Radotín;Bohemia;Czech Republic;;;1;4;1945;30;4;1945;1;1;;;;;R. Rous;R. Rous;J. Rùièka;1988;;;Sil3;;;;0;;
9982;Silphidae;Nicrophorus;vestigator;Praha-Zbraslav;Bohemia;Czech Republic;;;;;-;;;;;1;;;;;R. Rous;R. Rous;J. Rùièka;1988;;;Sil3;;;;0;;
9983;Silphidae;Nicrophorus;vestigator;Rumelia-Balk[an Mts.]-Sliven;;Bulgaria;;;18;6;1908;;;;;1;;;;;Rambousek;R. Rous;J. Rùièka;1988;;;Sil3;f. broullei Jac.;;;0;;
10087;Silphidae;Nicrophorus;vestigator;Turnov env., Bartošova pec;Bohemia;Czech Republic;;;1;1;1980;31;12;1980;1 spec.;;;;;;V. Picek;? J. Brázda;J. Brázda;2000;;;Sil3;;;;0;;
16083;Silphidae;Nicrophorus;vestigator;Boniowitz [Bohuòovice];Moravia;Czech Republic;;;1;1;1904;31;12;1904;;1;;;;;-;Muzeum vıchodních Èech v Hradci Králové;J. Rùièka;1992;;;Sil9;;;;0;;
16084;Silphidae;Nicrophorus;vestigator;Choceò;Bohemia;Czech Republic;;;;;-;;;;;1;;;;;J. Ecler;Muzeum vıchodních Èech v Hradci Králové;J. Rùièka;1992;;;Sil9;;;;0;;
16085;Silphidae;Nicrophorus;vestigator;Mimoò;Bohemia;Czech Republic;;;;;-;;;;;1;;;;;Roubal;Muzeum vıchodních Èech v Hradci Králové;J. Rùièka;1992;;;Sil9;;;;0;;
16086;Silphidae;Nicrophorus;vestigator;BoRussia [?Prussia];;;;;;;-;;;;;1;;;;;-;Muzeum vıchodních Èech v Hradci Králové;J. Rùièka;1992;;;Sil9;;;;0;;
16087;Silphidae;Nicrophorus;vestigator;Brandenburg;Brandenburg;Germany;;;1;8;1931;31;8;1931;;1;;;;;H.R. Henning;coll. Volák in Muzeum vıchodních Èech v Hradci Králové;J. Rùièka;1992;;;Sil9;;;;0;;
16088;Silphidae;Nicrophorus;vestigator;Hranice env., Bìlotín;Moravia;Czech Republic;;;1;1;1968;31;12;1968;;1;;;;;J. Volák;coll. Volák in Muzeum vıchodních Èech v Hradci Králové;J. Rùièka;1992;;;Sil9;;;;0;;
16089;Silphidae;Nicrophorus;vestigator;Níkovice;Moravia;Czech Republic;;;1;6;1941;30;6;1941;1;;;;;;J. Volák;coll. Volák in Muzeum vıchodních Èech v Hradci Králové;J. Rùièka;1992;;;Sil9;;;;0;;
16090;Silphidae;Nicrophorus;vestigator;Slavkov u Brna env.;Moravia;Czech Republic;;;1;5;1937;31;5;1937;1;1;;;;;J. Volák;coll. Volák in Muzeum vıchodních Èech v Hradci Králové;J. Rùièka;1992;;;Sil9;;;;0;;
16091;Silphidae;Nicrophorus;vestigator;Chrudim;Bohemia;Czech Republic;;;22;6;1912;;;;;1;;;;;-;coll. Volák in Muzeum vıchodních Èech v Hradci Králové;J. Rùièka;1992;;;Sil9;;;;0;;
16092;Silphidae;Nicrophorus;vestigator;Slavkov u Brna env., Heršpice;Moravia;Czech Republic;;;1;6;1956;30;6;1956;1;;;;;;J. Volák;coll. Volák in Muzeum vıchodních Èech v Hradci Králové;J. Rùièka;1992;;;Sil9;;;;0;;
16093;Silphidae;Nicrophorus;vestigator;Tøebíè;Moravia;Czech Republic;;;;;-;;;;;1;;;;;Sedlák;coll. Volák in Muzeum vıchodních Èech v Hradci Králové;J. Rùièka;1992;;;Sil9;;;;0;;
16094;Silphidae;Nicrophorus;vestigator;Pozoøice;Moravia;Czech Republic;;;1;6;1932;30;6;1932;1;;;;;;Volák;coll. Volák in Muzeum vıchodních Èech v Hradci Králové;J. Rùièka;1992;;;Sil9;;;;0;;
16095;Silphidae;Nicrophorus;vestigator;Velké Popovice;Bohemia;Czech Republic;;;20;6;1915;;;;;1;;;;;-;coll. Volák in Muzeum vıchodních Èech v Hradci Králové;J. Rùièka;1992;;;Sil9;;;;0;;
16096;Silphidae;Nicrophorus;vestigator;Mimoò;Bohemia;Czech Republic;;;;;-;;;;1;;;;;;K. Mikvas;Vlastivìdné muzeum v Èeské Lípì;J. Rùièka;1993;;;Sil9;;;;0;;
16097;Silphidae;Nicrophorus;vestigator;Kováøová;;Czech Republic;;;;;-;;;;;1;;;;;J. Fiala;coll. J. Fiala in Moravské zemské muzeum Brno;J. Rùièka;1993;;;Sil9;;;;0;;
16098;Silphidae;Nicrophorus;vestigator;Znojmo;Moravia;Czech Republic;;;1;1;1930;31;12;1930;;2;;;;;-;Jihomoravské muzeum ve Znojmì;J. Rùièka;1995;;;Sil9;;;;0;;
16099;Silphidae;Nicrophorus;vestigator;Arkutino;;Bulgaria;;;18;6;1985;25;6;1985;;1;;;;;Capouch;A. Holub;J. Rùièka;1995;;;Sil9;;;;0;;
16100;Silphidae;Nicrophorus;vestigator;Styria;Styria;Austria;;;;;-;;;;;1;;;;;Reitter;Ostravské muzeum;J. Rùièka;1996;;;Sil9;;;;0;;
16101;Silphidae;Nicrophorus;vestigator;Trieste env.,-St. Kanzian [Škocjan]-Drvaèa;;Slovenia;;;1;4;1913;30;4;1913;1;;;;;;E. Pretner;Prirodoslovni muzej Slovenije, Ljubljana;J. Rùièka;1996;;;Sil9;;;;0;;
16102;Silphidae;Nicrophorus;vestigator;Mimoò env., Novı Dvùr;Bohemia;Czech Republic;;;;;-;;;;;1;;;;;Roubal;coll. J. Roubal in Slovenské národné múzeum, Bratislava;J. Rùièka;1992;;;Sil9;;;;0;;
16103;Silphidae;Nicrophorus;vestigator;Mimoò;Bohemia;Czech Republic;;;1;7;1946;31;7;1946;1;2;;;;;Roubal;coll. J. Roubal in Slovenské národné múzeum, Bratislava;J. Rùièka;1992;;;Sil9;;;;0;;
16104;Silphidae;Nicrophorus;vestigator;Mimoò env., Novı Dvùr;Bohemia;Czech Republic;;;25;7;1940;;;;;1;;;;;Roubal;coll. J. Roubal in Slovenské národné múzeum, Bratislava;J. Rùièka;1992;;;Sil9;;;;0;;
16105;Silphidae;Nicrophorus;vestigator;Chudenice;Bohemia;Czech Republic;;;1;1;1897;31;12;1897;;1;;;;;Roubal;coll. J. Roubal in Slovenské národné múzeum, Bratislava;J. Rùièka;1992;;;Sil9;27, 06;;;0;;
16106;Silphidae;Nicrophorus;vestigator;Chudenice-Farskı háj [Farskı les] env.;Bohemia;Czech Republic;;;1;1;1899;31;12;1899;1;;indoors;;;;Roubal;coll. J. Roubal in Slovenské národné múzeum, Bratislava;J. Rùièka;1992;;;Sil9;;;;0;;
16107;Silphidae;Nicrophorus;vestigator;Pacov-Loue;Bohemia;Czech Republic;;;1;1;1913;31;12;1913;1;;;;;;Roubal;coll. J. Roubal in Slovenské národné múzeum, Bratislava;J. Rùièka;1992;;;Sil9;;;;0;;
16108;Silphidae;Nicrophorus;vestigator;Polabí Region-Pøerov;Bohemia;Czech Republic;;;20;5;1940;;;;;1;cadaver Corvus corone;;;;Roubal;coll. J. Roubal in Slovenské národné múzeum, Bratislava;J. Rùièka;1992;;;Sil9;;;;0;;
16109;Silphidae;Nicrophorus;vestigator;Skoplie [Skopje];;Macedonia;;;1;6;1914;30;6;1914;;1;;;;;J. Matcha;coll. J. Roubal in Slovenské národné múzeum, Bratislava;J. Rùièka;1992;;;Sil9;;;;0;;
16110;Silphidae;Nicrophorus;vestigator;Chudenice;Bohemia;Czech Republic;;;1;7;1896;31;7;1896;1;;indoors;;;;Roubal;coll. J. Roubal in Slovenské národné múzeum, Bratislava;J. Rùièka;1992;;;Sil9;;;;0;;
16111;Silphidae;Nicrophorus;vestigator;Proseènice;Bohemia;Czech Republic;;;1;7;1908;31;7;1908;1;1;;;;;Køíeneckı;coll. J. Roubal in Slovenské národné múzeum, Bratislava;J. Rùièka;1992;;;Sil9;;;;0;;
16112;Silphidae;Nicrophorus;vestigator;Bìlá;;Czech Republic;;;19;7;1910;;;;1;;;;;;Jedlièka;Slovenské národné múzeum, Bratislava;J. Rùièka;1993;;;Sil9;;;;0;;
16113;Silphidae;Nicrophorus;vestigator;Mimoò;Bohemia;Czech Republic;;;;;-;;;;1;;;;;;Roubal;Slovenské národné múzeum, Bratislava;J. Rùièka;1993;;;Sil9;;;;0;;
16114;Silphidae;Nicrophorus;vestigator;Pressburger Comitate [Prešpurská upa]-Vagsellyger [?Šala] env.;;Slovakia;;;;;-;;;;;1;;;;;B. Drexler;Slovenské národné múzeum, Bratislava;J. Rùièka;1993;;;Sil9;;;;0;;
18307;Silphidae;Nicrophorus;vestigator;Albena;;Bulgaria;;;;7;1973;;;;1;;;;;;L. Marek;Dept. Zoology, Charles University;J. Rùièka;2009;;;PC;;;;0;;
